/*
SQLyog Community v12.12 (64 bit)
MySQL - 5.6.21 : Database - freeways
*********************************************************************
*/

/*!40101 SET NAMES utf8 */;

/*!40101 SET SQL_MODE=''*/;

/*!40014 SET @OLD_UNIQUE_CHECKS=@@UNIQUE_CHECKS, UNIQUE_CHECKS=0 */;
/*!40014 SET @OLD_FOREIGN_KEY_CHECKS=@@FOREIGN_KEY_CHECKS, FOREIGN_KEY_CHECKS=0 */;
/*!40101 SET @OLD_SQL_MODE=@@SQL_MODE, SQL_MODE='NO_AUTO_VALUE_ON_ZERO' */;
/*!40111 SET @OLD_SQL_NOTES=@@SQL_NOTES, SQL_NOTES=0 */;
CREATE DATABASE /*!32312 IF NOT EXISTS*/`freeways` /*!40100 DEFAULT CHARACTER SET utf8 */;

USE `freeways`;

/*Table structure for table `auth_group` */

DROP TABLE IF EXISTS `auth_group`;

CREATE TABLE `auth_group` (
  `id` int(11) NOT NULL AUTO_INCREMENT,
  `name` varchar(80) NOT NULL,
  PRIMARY KEY (`id`),
  UNIQUE KEY `name` (`name`)
) ENGINE=InnoDB DEFAULT CHARSET=utf8;

/*Data for the table `auth_group` */

/*Table structure for table `auth_group_permissions` */

DROP TABLE IF EXISTS `auth_group_permissions`;

CREATE TABLE `auth_group_permissions` (
  `id` int(11) NOT NULL AUTO_INCREMENT,
  `group_id` int(11) NOT NULL,
  `permission_id` int(11) NOT NULL,
  PRIMARY KEY (`id`),
  UNIQUE KEY `group_id` (`group_id`,`permission_id`),
  KEY `auth_group__permission_id_70d687b2585f244b_fk_auth_permission_id` (`permission_id`),
  CONSTRAINT `auth_group__permission_id_70d687b2585f244b_fk_auth_permission_id` FOREIGN KEY (`permission_id`) REFERENCES `auth_permission` (`id`),
  CONSTRAINT `auth_group_permission_group_id_75c5e07e34924e81_fk_auth_group_id` FOREIGN KEY (`group_id`) REFERENCES `auth_group` (`id`)
) ENGINE=InnoDB DEFAULT CHARSET=utf8;

/*Data for the table `auth_group_permissions` */

/*Table structure for table `auth_permission` */

DROP TABLE IF EXISTS `auth_permission`;

CREATE TABLE `auth_permission` (
  `id` int(11) NOT NULL AUTO_INCREMENT,
  `name` varchar(255) NOT NULL,
  `content_type_id` int(11) NOT NULL,
  `codename` varchar(100) NOT NULL,
  PRIMARY KEY (`id`),
  UNIQUE KEY `content_type_id` (`content_type_id`,`codename`),
  CONSTRAINT `auth__content_type_id_6ef3008539a64820_fk_django_content_type_id` FOREIGN KEY (`content_type_id`) REFERENCES `django_content_type` (`id`)
) ENGINE=InnoDB AUTO_INCREMENT=25 DEFAULT CHARSET=utf8;

/*Data for the table `auth_permission` */

insert  into `auth_permission`(`id`,`name`,`content_type_id`,`codename`) values (1,'Can add log entry',1,'add_logentry'),(2,'Can change log entry',1,'change_logentry'),(3,'Can delete log entry',1,'delete_logentry'),(4,'Can add permission',2,'add_permission'),(5,'Can change permission',2,'change_permission'),(6,'Can delete permission',2,'delete_permission'),(7,'Can add group',3,'add_group'),(8,'Can change group',3,'change_group'),(9,'Can delete group',3,'delete_group'),(10,'Can add user',4,'add_user'),(11,'Can change user',4,'change_user'),(12,'Can delete user',4,'delete_user'),(13,'Can add content type',5,'add_contenttype'),(14,'Can change content type',5,'change_contenttype'),(15,'Can delete content type',5,'delete_contenttype'),(16,'Can add session',6,'add_session'),(17,'Can change session',6,'change_session'),(18,'Can delete session',6,'delete_session'),(19,'Can add city',7,'add_city'),(20,'Can change city',7,'change_city'),(21,'Can delete city',7,'delete_city'),(22,'Can add route segment',8,'add_routesegment'),(23,'Can change route segment',8,'change_routesegment'),(24,'Can delete route segment',8,'delete_routesegment');

/*Table structure for table `auth_user` */

DROP TABLE IF EXISTS `auth_user`;

CREATE TABLE `auth_user` (
  `id` int(11) NOT NULL AUTO_INCREMENT,
  `password` varchar(128) NOT NULL,
  `last_login` datetime(6) DEFAULT NULL,
  `is_superuser` tinyint(1) NOT NULL,
  `username` varchar(30) NOT NULL,
  `first_name` varchar(30) NOT NULL,
  `last_name` varchar(30) NOT NULL,
  `email` varchar(254) NOT NULL,
  `is_staff` tinyint(1) NOT NULL,
  `is_active` tinyint(1) NOT NULL,
  `date_joined` datetime(6) NOT NULL,
  PRIMARY KEY (`id`),
  UNIQUE KEY `username` (`username`)
) ENGINE=InnoDB AUTO_INCREMENT=2 DEFAULT CHARSET=utf8;

/*Data for the table `auth_user` */

insert  into `auth_user`(`id`,`password`,`last_login`,`is_superuser`,`username`,`first_name`,`last_name`,`email`,`is_staff`,`is_active`,`date_joined`) values (1,'pbkdf2_sha256$20000$TIPwXi5l23FK$k781vQJa8T95/00bYL6K5XSd7QlWAG1uOlvAwowTw64=','2015-06-20 21:10:38.926946',1,'admin','','','keith.dechant@gmail.com',1,1,'2015-06-20 21:10:17.325327');

/*Table structure for table `auth_user_groups` */

DROP TABLE IF EXISTS `auth_user_groups`;

CREATE TABLE `auth_user_groups` (
  `id` int(11) NOT NULL AUTO_INCREMENT,
  `user_id` int(11) NOT NULL,
  `group_id` int(11) NOT NULL,
  PRIMARY KEY (`id`),
  UNIQUE KEY `user_id` (`user_id`,`group_id`),
  KEY `auth_user_groups_group_id_5f7bcd8f7a5782ab_fk_auth_group_id` (`group_id`),
  CONSTRAINT `auth_user_groups_group_id_5f7bcd8f7a5782ab_fk_auth_group_id` FOREIGN KEY (`group_id`) REFERENCES `auth_group` (`id`),
  CONSTRAINT `auth_user_groups_user_id_49eb092ebc7733ab_fk_auth_user_id` FOREIGN KEY (`user_id`) REFERENCES `auth_user` (`id`)
) ENGINE=InnoDB DEFAULT CHARSET=utf8;

/*Data for the table `auth_user_groups` */

/*Table structure for table `auth_user_user_permissions` */

DROP TABLE IF EXISTS `auth_user_user_permissions`;

CREATE TABLE `auth_user_user_permissions` (
  `id` int(11) NOT NULL AUTO_INCREMENT,
  `user_id` int(11) NOT NULL,
  `permission_id` int(11) NOT NULL,
  PRIMARY KEY (`id`),
  UNIQUE KEY `user_id` (`user_id`,`permission_id`),
  KEY `auth_user_u_permission_id_3b08e4f8a3a5eddf_fk_auth_permission_id` (`permission_id`),
  CONSTRAINT `auth_user_u_permission_id_3b08e4f8a3a5eddf_fk_auth_permission_id` FOREIGN KEY (`permission_id`) REFERENCES `auth_permission` (`id`),
  CONSTRAINT `auth_user_user_permissio_user_id_af411cae5e4042b_fk_auth_user_id` FOREIGN KEY (`user_id`) REFERENCES `auth_user` (`id`)
) ENGINE=InnoDB DEFAULT CHARSET=utf8;

/*Data for the table `auth_user_user_permissions` */

/*Table structure for table `django_admin_log` */

DROP TABLE IF EXISTS `django_admin_log`;

CREATE TABLE `django_admin_log` (
  `id` int(11) NOT NULL AUTO_INCREMENT,
  `action_time` datetime(6) NOT NULL,
  `object_id` longtext,
  `object_repr` varchar(200) NOT NULL,
  `action_flag` smallint(5) unsigned NOT NULL,
  `change_message` longtext NOT NULL,
  `content_type_id` int(11) DEFAULT NULL,
  `user_id` int(11) NOT NULL,
  PRIMARY KEY (`id`),
  KEY `djang_content_type_id_6adacf235e5e1c0a_fk_django_content_type_id` (`content_type_id`),
  KEY `django_admin_log_user_id_4f34eb248cc3290e_fk_auth_user_id` (`user_id`),
  CONSTRAINT `djang_content_type_id_6adacf235e5e1c0a_fk_django_content_type_id` FOREIGN KEY (`content_type_id`) REFERENCES `django_content_type` (`id`),
  CONSTRAINT `django_admin_log_user_id_4f34eb248cc3290e_fk_auth_user_id` FOREIGN KEY (`user_id`) REFERENCES `auth_user` (`id`)
) ENGINE=InnoDB AUTO_INCREMENT=3 DEFAULT CHARSET=utf8;

/*Data for the table `django_admin_log` */

insert  into `django_admin_log`(`id`,`action_time`,`object_id`,`object_repr`,`action_flag`,`change_message`,`content_type_id`,`user_id`) values (1,'2015-06-20 21:28:11.950696','35','5 - 1 to 73',1,'',8,1),(2,'2015-06-20 21:28:49.971768','35','5 - 1 to 73',2,'No fields changed.',8,1);

/*Table structure for table `django_content_type` */

DROP TABLE IF EXISTS `django_content_type`;

CREATE TABLE `django_content_type` (
  `id` int(11) NOT NULL AUTO_INCREMENT,
  `app_label` varchar(100) NOT NULL,
  `model` varchar(100) NOT NULL,
  PRIMARY KEY (`id`),
  UNIQUE KEY `django_content_type_app_label_7b777cb4a6842f76_uniq` (`app_label`,`model`)
) ENGINE=InnoDB AUTO_INCREMENT=9 DEFAULT CHARSET=utf8;

/*Data for the table `django_content_type` */

insert  into `django_content_type`(`id`,`app_label`,`model`) values (1,'admin','logentry'),(3,'auth','group'),(2,'auth','permission'),(4,'auth','user'),(5,'contenttypes','contenttype'),(7,'freeways','city'),(8,'freeways','routesegment'),(6,'sessions','session');

/*Table structure for table `django_migrations` */

DROP TABLE IF EXISTS `django_migrations`;

CREATE TABLE `django_migrations` (
  `id` int(11) NOT NULL AUTO_INCREMENT,
  `app` varchar(255) NOT NULL,
  `name` varchar(255) NOT NULL,
  `applied` datetime(6) NOT NULL,
  PRIMARY KEY (`id`)
) ENGINE=InnoDB AUTO_INCREMENT=12 DEFAULT CHARSET=utf8;

/*Data for the table `django_migrations` */

insert  into `django_migrations`(`id`,`app`,`name`,`applied`) values (1,'contenttypes','0001_initial','2015-06-20 20:51:33.735237'),(2,'auth','0001_initial','2015-06-20 20:51:34.768030'),(3,'admin','0001_initial','2015-06-20 20:51:35.143486'),(4,'contenttypes','0002_remove_content_type_name','2015-06-20 20:51:35.312574'),(5,'auth','0002_alter_permission_name_max_length','2015-06-20 20:51:35.438093'),(6,'auth','0003_alter_user_email_max_length','2015-06-20 20:51:35.536023'),(7,'auth','0004_alter_user_username_opts','2015-06-20 20:51:35.553876'),(8,'auth','0005_alter_user_last_login_null','2015-06-20 20:51:35.648593'),(9,'auth','0006_require_contenttypes_0002','2015-06-20 20:51:35.660619'),(10,'sessions','0001_initial','2015-06-20 20:51:35.765058'),(11,'freeways','0001_initial','2015-06-20 21:04:37.240615');

/*Table structure for table `django_session` */

DROP TABLE IF EXISTS `django_session`;

CREATE TABLE `django_session` (
  `session_key` varchar(40) NOT NULL,
  `session_data` longtext NOT NULL,
  `expire_date` datetime(6) NOT NULL,
  PRIMARY KEY (`session_key`),
  KEY `django_session_de54fa62` (`expire_date`)
) ENGINE=InnoDB DEFAULT CHARSET=utf8;

/*Data for the table `django_session` */

insert  into `django_session`(`session_key`,`session_data`,`expire_date`) values ('l084hl417q335wnodg7f4su5pxxhdo26','NzI0Y2FiY2M1OTE2ODRjNWQ4OTZmNDU5ZDBlMDdlZmE1OTdmNzZmODp7Il9hdXRoX3VzZXJfaWQiOiIxIiwiX2F1dGhfdXNlcl9iYWNrZW5kIjoiZGphbmdvLmNvbnRyaWIuYXV0aC5iYWNrZW5kcy5Nb2RlbEJhY2tlbmQiLCJfYXV0aF91c2VyX2hhc2giOiI4YmFhNWY5ZWJkMzY0ZDI5Yzc4MTdiZjM3NzZjYzg4ZDU4ZTJkZmQyIn0=','2015-07-04 21:10:38.942111');

/*Table structure for table `freeways_city` */

DROP TABLE IF EXISTS `freeways_city`;

CREATE TABLE `freeways_city` (
  `id` int(11) NOT NULL AUTO_INCREMENT,
  `name` varchar(200) NOT NULL,
  `lane_miles` int(11) NOT NULL,
  PRIMARY KEY (`id`)
) ENGINE=InnoDB AUTO_INCREMENT=10 DEFAULT CHARSET=utf8;

/*Data for the table `freeways_city` */

insert  into `freeways_city`(`id`,`name`,`lane_miles`) values (2,'Chicago',3123),(3,'Portland',795),(4,'New York',7437),(5,'Philadelphia',2565),(6,'Miami',2256),(7,'Dallas-Fort Worth',2256),(8,'San Francisco--Oakland',1475),(9,'San Jose',1338);

/*Table structure for table `freeways_routesegment` */

DROP TABLE IF EXISTS `freeways_routesegment`;

CREATE TABLE `freeways_routesegment` (
  `id` int(11) NOT NULL AUTO_INCREMENT,
  `highway` varchar(200) NOT NULL,
  `segment_name` varchar(200) NOT NULL,
  `ring` int(11) NOT NULL,
  `length` decimal(5,2) NOT NULL,
  `lanes` int(11) NOT NULL,
  `lane_miles` decimal(5,2) NOT NULL,
  `start_lat` decimal(10,6) NOT NULL,
  `start_lng` decimal(10,6) NOT NULL,
  `end_lat` decimal(10,6) NOT NULL,
  `end_lng` decimal(10,6) NOT NULL,
  `geojson` longtext,
  PRIMARY KEY (`id`)
) ENGINE=InnoDB AUTO_INCREMENT=36 DEFAULT CHARSET=utf8;

/*Data for the table `freeways_routesegment` */

insert  into `freeways_routesegment`(`id`,`highway`,`segment_name`,`ring`,`length`,`lanes`,`lane_miles`,`start_lat`,`start_lng`,`end_lat`,`end_lng`,`geojson`) values (1,'110','10 to 101',1,'3.60',10,'36.00','34.038496','-118.273906','34.062408','-118.248993','{\n  \"type\": \"LineString\",\n  \"crs\": {\n    \"type\": \"name\",\n    \"properties\": {\n      \"name\": \"urn:ogc:def:crs:OGC:1.3:CRS84\"\n    }\n  },\n  \"coordinates\":\n  [\n[-118.273859, 34.038492]\n,[-118.273767, 34.039312]\n,[-118.273643, 34.040094]\n,[-118.273570, 34.040652]\n,[-118.273422, 34.041277]\n,[-118.273201, 34.041896]\n,[-118.272807, 34.042665]\n,[-118.272696, 34.042879]\n,[-118.272304, 34.043521]\n,[-118.271940, 34.044001]\n,[-118.271526, 34.044446]\n,[-118.271082, 34.044858]\n,[-118.270577, 34.045299]\n,[-118.270024, 34.045699]\n,[-118.268689, 34.046539]\n,[-118.268357, 34.046728]\n,[-118.266906, 34.047602]\n,[-118.266287, 34.047985]\n,[-118.265797, 34.048287]\n,[-118.264202, 34.049269]\n,[-118.263918, 34.049444]\n,[-118.263214, 34.049878]\n,[-118.262382, 34.050359]\n,[-118.261165, 34.051116]\n,[-118.259567, 34.052136]\n,[-118.259278, 34.052381]\n,[-118.258479, 34.053180]\n,[-118.257074, 34.054776]\n,[-118.256021, 34.055958]\n,[-118.255670, 34.056335]\n,[-118.254659, 34.057327]\n,[-118.254385, 34.057596]\n,[-118.253911, 34.058040]\n,[-118.253390, 34.058529]\n,[-118.252705, 34.059163]\n,[-118.252233, 34.059559]\n,[-118.251510, 34.060205]\n,[-118.251191, 34.060464]\n,[-118.250872, 34.060731]\n,[-118.250507, 34.061042]\n,[-118.250160, 34.061351]\n,[-118.249882, 34.061599]\n,[-118.249227, 34.062181]\n,[-118.248981, 34.062399]\n  ],  \"properties\": {\n    \"distance\": \"3.611676\",\n    \"description\": \"To enable simple instructions add: \'instructions=1\' as parameter to the URL\",\n    \"traveltime\": \"165\"\n    }\n}\n'),(2,'10','110 to 5',1,'5.60',10,'56.00','34.038107','-118.273530','34.032866','-118.221495','{\n  \"type\": \"LineString\",\n  \"crs\": {\n    \"type\": \"name\",\n    \"properties\": {\n      \"name\": \"urn:ogc:def:crs:OGC:1.3:CRS84\"\n    }\n  },\n  \"coordinates\":\n  [\n[-118.273547, 34.038029]\n,[-118.273294, 34.037991]\n,[-118.272951, 34.037899]\n,[-118.272573, 34.037785]\n,[-118.272213, 34.037650]\n,[-118.271835, 34.037486]\n,[-118.271560, 34.037351]\n,[-118.271303, 34.037202]\n,[-118.271106, 34.037081]\n,[-118.270839, 34.036910]\n,[-118.270427, 34.036626]\n,[-118.269784, 34.036163]\n,[-118.269027, 34.035638]\n,[-118.268041, 34.035037]\n,[-118.267161, 34.034518]\n,[-118.266297, 34.034018]\n,[-118.265551, 34.033596]\n,[-118.264713, 34.033132]\n,[-118.263688, 34.032565]\n,[-118.263002, 34.032224]\n,[-118.261770, 34.031691]\n,[-118.258724, 34.030703]\n,[-118.258484, 34.030616]\n,[-118.257833, 34.030365]\n,[-118.257226, 34.030072]\n,[-118.255841, 34.029388]\n,[-118.251545, 34.027007]\n,[-118.250870, 34.026667]\n,[-118.249593, 34.026001]\n,[-118.246948, 34.024540]\n,[-118.246052, 34.024144]\n,[-118.245124, 34.023841]\n,[-118.244291, 34.023690]\n,[-118.243655, 34.023612]\n,[-118.243117, 34.023594]\n,[-118.242800, 34.023599]\n,[-118.242334, 34.023640]\n,[-118.241776, 34.023733]\n,[-118.241192, 34.023847]\n,[-118.240617, 34.024003]\n,[-118.239707, 34.024359]\n,[-118.238875, 34.024712]\n,[-118.237693, 34.025221]\n,[-118.237006, 34.025498]\n,[-118.231876, 34.027569]\n,[-118.231241, 34.027818]\n,[-118.230572, 34.028045]\n,[-118.230091, 34.028202]\n,[-118.229792, 34.028288]\n,[-118.228399, 34.028634]\n,[-118.226640, 34.028985]\n,[-118.225483, 34.029218]\n,[-118.225186, 34.029282]\n,[-118.224787, 34.029403]\n,[-118.224435, 34.029532]\n,[-118.224040, 34.029745]\n,[-118.223697, 34.029973]\n,[-118.223422, 34.030201]\n,[-118.223233, 34.030386]\n,[-118.223027, 34.030620]\n,[-118.222796, 34.030933]\n,[-118.221936, 34.032213]\n,[-118.221542, 34.032790]\n,[-118.221493, 34.032865]\n  ],  \"properties\": {\n    \"distance\": \"5.596164\",\n    \"description\": \"To enable simple instructions add: \'instructions=1\' as parameter to the URL\",\n    \"traveltime\": \"206\"\n    }\n}\n'),(6,'10','5 to 710',2,'5.70',12,'68.40','34.052495','-118.223770','34.061077','-118.165641','{\n  \"type\": \"LineString\",\n  \"crs\": {\n    \"type\": \"name\",\n    \"properties\": {\n      \"name\": \"urn:ogc:def:crs:OGC:1.3:CRS84\"\n    }\n  },\n  \"coordinates\":\n  [\n[-118.223823, 34.052579]\n,[-118.223468, 34.052733]\n,[-118.222432, 34.053540]\n,[-118.221404, 34.054273]\n,[-118.220634, 34.054684]\n,[-118.219849, 34.054967]\n,[-118.219146, 34.055091]\n,[-118.218559, 34.055135]\n,[-118.216265, 34.055152]\n,[-118.213795, 34.055169]\n,[-118.213357, 34.055141]\n,[-118.212911, 34.055084]\n,[-118.212421, 34.054998]\n,[-118.211915, 34.054863]\n,[-118.210542, 34.054458]\n,[-118.208782, 34.053925]\n,[-118.208259, 34.053761]\n,[-118.207795, 34.053655]\n,[-118.207366, 34.053583]\n,[-118.206851, 34.053534]\n,[-118.206422, 34.053519]\n,[-118.205993, 34.053519]\n,[-118.205564, 34.053541]\n,[-118.205100, 34.053612]\n,[-118.204551, 34.053740]\n,[-118.204053, 34.053896]\n,[-118.203650, 34.054038]\n,[-118.202727, 34.054374]\n,[-118.202049, 34.054595]\n,[-118.201423, 34.054765]\n,[-118.200873, 34.054893]\n,[-118.200195, 34.055014]\n,[-118.199045, 34.055199]\n,[-118.198341, 34.055299]\n,[-118.197655, 34.055355]\n,[-118.196994, 34.055384]\n,[-118.195972, 34.055391]\n,[-118.194548, 34.055363]\n,[-118.187327, 34.055169]\n,[-118.186440, 34.055199]\n,[-118.185645, 34.055264]\n,[-118.185109, 34.055370]\n,[-118.184531, 34.055521]\n,[-118.182846, 34.056184]\n,[-118.180001, 34.057503]\n,[-118.177726, 34.058513]\n,[-118.175658, 34.059452]\n,[-118.173589, 34.060362]\n,[-118.172345, 34.060902]\n,[-118.171899, 34.061080]\n,[-118.171538, 34.061194]\n,[-118.171143, 34.061300]\n,[-118.170663, 34.061400]\n,[-118.170302, 34.061450]\n,[-118.169813, 34.061485]\n,[-118.169401, 34.061500]\n,[-118.169015, 34.061485]\n,[-118.166967, 34.061239]\n,[-118.166536, 34.061187]\n,[-118.165637, 34.061155]\n  ],  \"properties\": {\n    \"distance\": \"5.699646\",\n    \"description\": \"To enable simple instructions add: \'instructions=1\' as parameter to the URL\",\n    \"traveltime\": \"197\"\n    }\n}\n'),(7,'60','10 to 710',2,'5.20',10,'52.00','34.029137','-118.225103','34.035419','-118.170659','{\n  \"type\": \"LineString\",\n  \"crs\": {\n    \"type\": \"name\",\n    \"properties\": {\n      \"name\": \"urn:ogc:def:crs:OGC:1.3:CRS84\"\n    }\n  },\n  \"coordinates\":\n  [\n[-118.225089, 34.029076]\n,[-118.224907, 34.029105]\n,[-118.224126, 34.029233]\n,[-118.223748, 34.029283]\n,[-118.223414, 34.029319]\n,[-118.223070, 34.029333]\n,[-118.222753, 34.029333]\n,[-118.222435, 34.029319]\n,[-118.221869, 34.029290]\n,[-118.221061, 34.029216]\n,[-118.220703, 34.029198]\n,[-118.218418, 34.029039]\n,[-118.217512, 34.029028]\n,[-118.216777, 34.029023]\n,[-118.216330, 34.029029]\n,[-118.215736, 34.029048]\n,[-118.215101, 34.029077]\n,[-118.214646, 34.029091]\n,[-118.214234, 34.029091]\n,[-118.213822, 34.029070]\n,[-118.213401, 34.029027]\n,[-118.213055, 34.028965]\n,[-118.212766, 34.028913]\n,[-118.212285, 34.028799]\n,[-118.211873, 34.028686]\n,[-118.210835, 34.028358]\n,[-118.210526, 34.028273]\n,[-118.210208, 34.028202]\n,[-118.209865, 34.028131]\n,[-118.209573, 34.028081]\n,[-118.209341, 34.028053]\n,[-118.209144, 34.028031]\n,[-118.208921, 34.028017]\n,[-118.208715, 34.028010]\n,[-118.207836, 34.028056]\n,[-118.207218, 34.028120]\n,[-118.205939, 34.028305]\n,[-118.203435, 34.028708]\n,[-118.202796, 34.028815]\n,[-118.200410, 34.029197]\n,[-118.199181, 34.029478]\n,[-118.194831, 34.030582]\n,[-118.191699, 34.031305]\n,[-118.190532, 34.031529]\n,[-118.189391, 34.031650]\n,[-118.188247, 34.031635]\n,[-118.187178, 34.031609]\n,[-118.186317, 34.031644]\n,[-118.185780, 34.031688]\n,[-118.185136, 34.031750]\n,[-118.184372, 34.031882]\n,[-118.183678, 34.032064]\n,[-118.182993, 34.032268]\n,[-118.182103, 34.032598]\n,[-118.181475, 34.032879]\n,[-118.180909, 34.033195]\n,[-118.180129, 34.033549]\n,[-118.178958, 34.034054]\n,[-118.178467, 34.034203]\n,[-118.177958, 34.034319]\n,[-118.177335, 34.034439]\n,[-118.176764, 34.034525]\n,[-118.174742, 34.034795]\n,[-118.170663, 34.035435]\n  ],  \"properties\": {\n    \"distance\": \"5.178114\",\n    \"description\": \"To enable simple instructions add: \'instructions=1\' as parameter to the URL\",\n    \"traveltime\": \"181\"\n    }\n}\n'),(9,'10','ocean to 405',3,'6.10',8,'48.80','34.011375','-118.494233','34.031045','-118.434066','{\n  \"type\": \"LineString\",\n  \"crs\": {\n    \"type\": \"name\",\n    \"properties\": {\n      \"name\": \"urn:ogc:def:crs:OGC:1.3:CRS84\"\n    }\n  },\n  \"coordinates\":\n  [\n[-118.494258, 34.011439]\n,[-118.494194, 34.011456]\n,[-118.494027, 34.011511]\n,[-118.493871, 34.011573]\n,[-118.493741, 34.011641]\n,[-118.493545, 34.011762]\n,[-118.493344, 34.011892]\n,[-118.493089, 34.012053]\n,[-118.492836, 34.012195]\n,[-118.492650, 34.012269]\n,[-118.492433, 34.012344]\n,[-118.492201, 34.012401]\n,[-118.491892, 34.012453]\n,[-118.491575, 34.012469]\n,[-118.491290, 34.012462]\n,[-118.490970, 34.012470]\n,[-118.489969, 34.012551]\n,[-118.489755, 34.012593]\n,[-118.489557, 34.012643]\n,[-118.489283, 34.012729]\n,[-118.488991, 34.012850]\n,[-118.488567, 34.013083]\n,[-118.487550, 34.013677]\n,[-118.486718, 34.014168]\n,[-118.485379, 34.015014]\n,[-118.484359, 34.015649]\n,[-118.483447, 34.016217]\n,[-118.481614, 34.017577]\n,[-118.480685, 34.018339]\n,[-118.480194, 34.018741]\n,[-118.479295, 34.019440]\n,[-118.477500, 34.020944]\n,[-118.476531, 34.021766]\n,[-118.476126, 34.022066]\n,[-118.475675, 34.022340]\n,[-118.475117, 34.022644]\n,[-118.474598, 34.022882]\n,[-118.473843, 34.023174]\n,[-118.472324, 34.023594]\n,[-118.470865, 34.023999]\n,[-118.468762, 34.024575]\n,[-118.467792, 34.024839]\n,[-118.466336, 34.025219]\n,[-118.465584, 34.025415]\n,[-118.464235, 34.025773]\n,[-118.462962, 34.026114]\n,[-118.462534, 34.026224]\n,[-118.458595, 34.027090]\n,[-118.457136, 34.027396]\n,[-118.456346, 34.027552]\n,[-118.456011, 34.027616]\n,[-118.455711, 34.027652]\n,[-118.455394, 34.027673]\n,[-118.455033, 34.027688]\n,[-118.454630, 34.027688]\n,[-118.454227, 34.027672]\n,[-118.453694, 34.027638]\n,[-118.453033, 34.027595]\n,[-118.452630, 34.027581]\n,[-118.452169, 34.027595]\n,[-118.451829, 34.027620]\n,[-118.451497, 34.027650]\n,[-118.451242, 34.027683]\n,[-118.450812, 34.027762]\n,[-118.450306, 34.027879]\n,[-118.449470, 34.028109]\n,[-118.448991, 34.028233]\n,[-118.447200, 34.028715]\n,[-118.445161, 34.029251]\n,[-118.444867, 34.029321]\n,[-118.444315, 34.029461]\n,[-118.443807, 34.029590]\n,[-118.443156, 34.029734]\n,[-118.442581, 34.029858]\n,[-118.441851, 34.029989]\n,[-118.438516, 34.030493]\n,[-118.435449, 34.030920]\n,[-118.434866, 34.031008]\n,[-118.434079, 34.031113]\n  ],  \"properties\": {\n    \"distance\": \"6.142287\",\n    \"description\": \"To enable simple instructions add: \'instructions=1\' as parameter to the URL\",\n    \"traveltime\": \"213\"\n    }\n}\n'),(10,'10','405 to 110',1,'15.10',10,'151.00','34.031045','-118.434066','34.038092','-118.274276','{\n  \"type\": \"LineString\",\n  \"crs\": {\n    \"type\": \"name\",\n    \"properties\": {\n      \"name\": \"urn:ogc:def:crs:OGC:1.3:CRS84\"\n    }\n  },\n  \"coordinates\":\n  [\n[-118.434079, 34.031113]\n,[-118.433899, 34.031136]\n,[-118.433084, 34.031243]\n,[-118.432342, 34.031371]\n,[-118.431613, 34.031463]\n,[-118.430935, 34.031527]\n,[-118.430052, 34.031586]\n,[-118.428166, 34.031660]\n,[-118.427579, 34.031661]\n,[-118.425497, 34.031666]\n,[-118.424283, 34.031671]\n,[-118.423784, 34.031676]\n,[-118.421991, 34.031675]\n,[-118.421636, 34.031676]\n,[-118.419956, 34.031680]\n,[-118.416818, 34.031724]\n,[-118.415701, 34.031710]\n,[-118.415250, 34.031686]\n,[-118.414913, 34.031657]\n,[-118.414592, 34.031625]\n,[-118.414308, 34.031577]\n,[-118.414002, 34.031529]\n,[-118.413703, 34.031467]\n,[-118.413213, 34.031333]\n,[-118.412852, 34.031217]\n,[-118.411350, 34.030694]\n,[-118.410822, 34.030513]\n,[-118.410098, 34.030284]\n,[-118.409171, 34.030092]\n,[-118.408261, 34.029978]\n,[-118.406966, 34.029869]\n,[-118.405531, 34.029748]\n,[-118.403501, 34.029577]\n,[-118.402908, 34.029525]\n,[-118.399543, 34.029229]\n,[-118.397097, 34.029023]\n,[-118.396621, 34.029008]\n,[-118.396580, 34.029008]\n,[-118.396133, 34.029005]\n,[-118.395772, 34.029034]\n,[-118.395429, 34.029076]\n,[-118.395089, 34.029121]\n,[-118.394642, 34.029200]\n,[-118.394231, 34.029292]\n,[-118.393827, 34.029399]\n,[-118.393467, 34.029505]\n,[-118.393141, 34.029619]\n,[-118.392672, 34.029797]\n,[-118.392454, 34.029889]\n,[-118.392304, 34.029964]\n,[-118.391776, 34.030245]\n,[-118.391559, 34.030374]\n,[-118.390235, 34.031158]\n,[-118.389096, 34.031815]\n,[-118.385947, 34.033699]\n,[-118.385449, 34.033991]\n,[-118.383175, 34.035307]\n,[-118.382248, 34.035847]\n,[-118.381913, 34.036039]\n,[-118.381596, 34.036217]\n,[-118.381287, 34.036359]\n,[-118.380926, 34.036494]\n,[-118.380531, 34.036615]\n,[-118.380265, 34.036687]\n,[-118.379913, 34.036765]\n,[-118.379553, 34.036822]\n,[-118.379158, 34.036871]\n,[-118.378754, 34.036900]\n,[-118.378325, 34.036907]\n,[-118.378042, 34.036900]\n,[-118.377810, 34.036886]\n,[-118.377338, 34.036829]\n,[-118.376815, 34.036736]\n,[-118.376137, 34.036587]\n,[-118.375210, 34.036381]\n,[-118.373218, 34.035961]\n,[-118.371957, 34.035684]\n,[-118.369802, 34.035238]\n,[-118.368031, 34.034855]\n,[-118.364385, 34.034061]\n,[-118.363323, 34.033889]\n,[-118.362508, 34.033809]\n,[-118.361684, 34.033741]\n,[-118.360372, 34.033709]\n,[-118.358352, 34.033820]\n,[-118.355918, 34.033932]\n,[-118.355467, 34.033945]\n,[-118.350495, 34.034180]\n,[-118.349775, 34.034202]\n,[-118.345435, 34.034409]\n,[-118.344791, 34.034436]\n,[-118.343546, 34.034502]\n,[-118.338728, 34.034730]\n,[-118.331060, 34.035093]\n,[-118.329771, 34.035123]\n,[-118.328948, 34.035169]\n,[-118.327796, 34.035233]\n,[-118.326053, 34.035377]\n,[-118.323917, 34.035687]\n,[-118.322127, 34.035950]\n,[-118.321205, 34.036085]\n,[-118.319583, 34.036313]\n,[-118.317368, 34.036619]\n,[-118.316416, 34.036740]\n,[-118.315798, 34.036804]\n,[-118.314836, 34.036896]\n,[-118.313746, 34.036960]\n,[-118.312630, 34.037017]\n,[-118.311532, 34.037053]\n,[-118.308061, 34.037026]\n,[-118.305388, 34.037005]\n,[-118.300573, 34.036967]\n,[-118.299973, 34.036959]\n,[-118.296555, 34.036916]\n,[-118.296139, 34.036910]\n,[-118.292512, 34.036853]\n,[-118.291870, 34.036839]\n,[-118.291244, 34.036831]\n,[-118.287530, 34.036778]\n,[-118.285764, 34.036835]\n,[-118.284371, 34.036974]\n,[-118.283693, 34.037095]\n,[-118.282572, 34.037316]\n,[-118.281697, 34.037501]\n,[-118.280925, 34.037650]\n,[-118.280281, 34.037742]\n,[-118.279345, 34.037849]\n,[-118.278521, 34.037927]\n,[-118.277683, 34.037980]\n,[-118.275637, 34.038048]\n,[-118.274659, 34.038070]\n,[-118.274276, 34.038070]\n  ],  \"properties\": {\n    \"distance\": \"15.131311\",\n    \"description\": \"To enable simple instructions add: \'instructions=1\' as parameter to the URL\",\n    \"traveltime\": \"526\"\n    }\n}\n'),(11,'10','710 to 605',3,'15.60',12,'187.20','34.061146','-118.164836','34.064875','-118.001184','{\n  \"type\": \"LineString\",\n  \"crs\": {\n    \"type\": \"name\",\n    \"properties\": {\n      \"name\": \"urn:ogc:def:crs:OGC:1.3:CRS84\"\n    }\n  },\n  \"coordinates\":\n  [\n[-118.164834, 34.061138]\n,[-118.164392, 34.061204]\n,[-118.163979, 34.061306]\n,[-118.163307, 34.061545]\n,[-118.162434, 34.061929]\n,[-118.161325, 34.062591]\n,[-118.160484, 34.063189]\n,[-118.159969, 34.063530]\n,[-118.159532, 34.063772]\n,[-118.158793, 34.064184]\n,[-118.157901, 34.064646]\n,[-118.152915, 34.067294]\n,[-118.152346, 34.067597]\n,[-118.151080, 34.068274]\n,[-118.150846, 34.068398]\n,[-118.148024, 34.069863]\n,[-118.147138, 34.070329]\n,[-118.146623, 34.070592]\n,[-118.146280, 34.070735]\n,[-118.145988, 34.070841]\n,[-118.145336, 34.071026]\n,[-118.144958, 34.071097]\n,[-118.144598, 34.071147]\n,[-118.144263, 34.071189]\n,[-118.143782, 34.071211]\n,[-118.142984, 34.071232]\n,[-118.139903, 34.071282]\n,[-118.138253, 34.071299]\n,[-118.137502, 34.071306]\n,[-118.137228, 34.071313]\n,[-118.134563, 34.071335]\n,[-118.134293, 34.071335]\n,[-118.133082, 34.071346]\n,[-118.131571, 34.071368]\n,[-118.128477, 34.071415]\n,[-118.126691, 34.071440]\n,[-118.125721, 34.071454]\n,[-118.123052, 34.071476]\n,[-118.122795, 34.071478]\n,[-118.120535, 34.071512]\n,[-118.118967, 34.071535]\n,[-118.111224, 34.071617]\n,[-118.110965, 34.071618]\n,[-118.109324, 34.071631]\n,[-118.108306, 34.071636]\n,[-118.108054, 34.071639]\n,[-118.105894, 34.071680]\n,[-118.103858, 34.071705]\n,[-118.103575, 34.071704]\n,[-118.101580, 34.071728]\n,[-118.099661, 34.071750]\n,[-118.099412, 34.071753]\n,[-118.097990, 34.071767]\n,[-118.096658, 34.071782]\n,[-118.096405, 34.071784]\n,[-118.093014, 34.071821]\n,[-118.090765, 34.071859]\n,[-118.090506, 34.071861]\n,[-118.087065, 34.071915]\n,[-118.084765, 34.071945]\n,[-118.082011, 34.071974]\n,[-118.081750, 34.071979]\n,[-118.081220, 34.071965]\n,[-118.075643, 34.072037]\n,[-118.075315, 34.072046]\n,[-118.075016, 34.072048]\n,[-118.073288, 34.072065]\n,[-118.072726, 34.072072]\n,[-118.071273, 34.072085]\n,[-118.068380, 34.072121]\n,[-118.066239, 34.072125]\n,[-118.065168, 34.072148]\n,[-118.064140, 34.072157]\n,[-118.060132, 34.072220]\n,[-118.055717, 34.072259]\n,[-118.055513, 34.072261]\n,[-118.054467, 34.072270]\n,[-118.053713, 34.072256]\n,[-118.053593, 34.072253]\n,[-118.053070, 34.072255]\n,[-118.052690, 34.072209]\n,[-118.052323, 34.072131]\n,[-118.051780, 34.072002]\n,[-118.051238, 34.071836]\n,[-118.050413, 34.071490]\n,[-118.049036, 34.070890]\n,[-118.048370, 34.070580]\n,[-118.046296, 34.069654]\n,[-118.045926, 34.069507]\n,[-118.045111, 34.069227]\n,[-118.044196, 34.068989]\n,[-118.042330, 34.068714]\n,[-118.042067, 34.068678]\n,[-118.039607, 34.068339]\n,[-118.039297, 34.068301]\n,[-118.037668, 34.068098]\n,[-118.036139, 34.067964]\n,[-118.035802, 34.067939]\n,[-118.033755, 34.067832]\n,[-118.031968, 34.067822]\n,[-118.030752, 34.067838]\n,[-118.030574, 34.067839]\n,[-118.030444, 34.067839]\n,[-118.029241, 34.067879]\n,[-118.028831, 34.067884]\n,[-118.027032, 34.067956]\n,[-118.026516, 34.067969]\n,[-118.025590, 34.067962]\n,[-118.024231, 34.068004]\n,[-118.023587, 34.067978]\n,[-118.023166, 34.067929]\n,[-118.022831, 34.067886]\n,[-118.022565, 34.067850]\n,[-118.022333, 34.067815]\n,[-118.022050, 34.067758]\n,[-118.021778, 34.067705]\n,[-118.021473, 34.067620]\n,[-118.021183, 34.067523]\n,[-118.020840, 34.067410]\n,[-118.020488, 34.067289]\n,[-118.020248, 34.067196]\n,[-118.019982, 34.067082]\n,[-118.019098, 34.066670]\n,[-118.017621, 34.066009]\n,[-118.017261, 34.065853]\n,[-118.017061, 34.065771]\n,[-118.016712, 34.065632]\n,[-118.016308, 34.065490]\n,[-118.015827, 34.065340]\n,[-118.015295, 34.065198]\n,[-118.014180, 34.064935]\n,[-118.013202, 34.064730]\n,[-118.011299, 34.064335]\n,[-118.010950, 34.064260]\n,[-118.010179, 34.064093]\n,[-118.009943, 34.064044]\n,[-118.009598, 34.063962]\n,[-118.009358, 34.063923]\n,[-118.009076, 34.063898]\n,[-118.008697, 34.063876]\n,[-118.008378, 34.063871]\n,[-118.008142, 34.063867]\n,[-118.007896, 34.063869]\n,[-118.006675, 34.064030]\n,[-118.006156, 34.064105]\n,[-118.005712, 34.064177]\n,[-118.005089, 34.064273]\n,[-118.003082, 34.064582]\n,[-118.001773, 34.064793]\n,[-118.001184, 34.064876]\n  ],  \"properties\": {\n    \"distance\": \"15.612124\",\n    \"description\": \"To enable simple instructions add: \'instructions=1\' as parameter to the URL\",\n    \"traveltime\": \"545\"\n    }\n}\n'),(12,'10','605 to 57',4,'18.20',8,'145.60','34.064875','-118.001184','34.064932','-117.806922','{\n  \"type\": \"LineString\",\n  \"crs\": {\n    \"type\": \"name\",\n    \"properties\": {\n      \"name\": \"urn:ogc:def:crs:OGC:1.3:CRS84\"\n    }\n  },\n  \"coordinates\":\n  [\n[-118.001184, 34.064876]\n,[-118.000860, 34.064922]\n,[-118.000639, 34.064950]\n,[-117.998939, 34.065146]\n,[-117.996162, 34.065475]\n,[-117.994843, 34.065673]\n,[-117.993296, 34.065906]\n,[-117.985628, 34.066946]\n,[-117.983630, 34.067215]\n,[-117.981195, 34.067543]\n,[-117.978749, 34.067843]\n,[-117.977109, 34.068072]\n,[-117.976809, 34.068111]\n,[-117.974965, 34.068353]\n,[-117.974139, 34.068467]\n,[-117.973857, 34.068504]\n,[-117.969852, 34.069026]\n,[-117.969261, 34.069096]\n,[-117.964090, 34.069783]\n,[-117.963605, 34.069832]\n,[-117.962407, 34.069986]\n,[-117.962054, 34.070027]\n,[-117.958953, 34.070383]\n,[-117.957970, 34.070494]\n,[-117.947859, 34.071577]\n,[-117.946073, 34.071769]\n,[-117.945842, 34.071794]\n,[-117.945611, 34.071818]\n,[-117.943050, 34.072088]\n,[-117.942339, 34.072152]\n,[-117.940890, 34.072286]\n,[-117.940135, 34.072350]\n,[-117.936337, 34.072324]\n,[-117.936095, 34.072323]\n,[-117.935878, 34.072321]\n,[-117.931725, 34.072274]\n,[-117.926878, 34.072222]\n,[-117.926489, 34.072218]\n,[-117.924720, 34.072201]\n,[-117.921958, 34.072167]\n,[-117.916796, 34.072144]\n,[-117.916317, 34.072139]\n,[-117.912741, 34.072103]\n,[-117.907887, 34.072055]\n,[-117.907357, 34.072055]\n,[-117.906768, 34.072051]\n,[-117.905214, 34.072040]\n,[-117.903811, 34.072026]\n,[-117.899140, 34.071978]\n,[-117.898658, 34.071973]\n,[-117.895361, 34.071939]\n,[-117.890475, 34.071890]\n,[-117.889935, 34.071884]\n,[-117.887149, 34.071858]\n,[-117.883322, 34.071820]\n,[-117.877971, 34.071754]\n,[-117.876870, 34.071719]\n,[-117.872510, 34.071683]\n,[-117.872249, 34.071681]\n,[-117.872025, 34.071675]\n,[-117.870280, 34.071637]\n,[-117.869548, 34.071614]\n,[-117.869041, 34.071580]\n,[-117.867805, 34.071374]\n,[-117.866844, 34.071125]\n,[-117.865969, 34.070834]\n,[-117.864955, 34.070399]\n,[-117.864392, 34.070105]\n,[-117.863735, 34.069791]\n,[-117.862475, 34.069106]\n,[-117.861813, 34.068782]\n,[-117.860973, 34.068445]\n,[-117.860355, 34.068246]\n,[-117.859557, 34.068061]\n,[-117.858553, 34.067947]\n,[-117.857600, 34.067911]\n,[-117.856587, 34.067975]\n,[-117.853875, 34.068267]\n,[-117.852613, 34.068324]\n,[-117.851446, 34.068317]\n,[-117.850525, 34.068252]\n,[-117.847856, 34.068132]\n,[-117.846896, 34.068104]\n,[-117.845798, 34.068182]\n,[-117.843034, 34.068647]\n,[-117.841490, 34.068850]\n,[-117.840983, 34.068850]\n,[-117.839691, 34.068705]\n,[-117.839313, 34.068630]\n,[-117.838887, 34.068529]\n,[-117.835624, 34.067555]\n,[-117.832877, 34.066749]\n,[-117.832488, 34.066622]\n,[-117.832129, 34.066487]\n,[-117.831771, 34.066327]\n,[-117.831444, 34.066165]\n,[-117.829467, 34.064997]\n,[-117.828744, 34.064655]\n,[-117.828040, 34.064385]\n,[-117.827156, 34.064136]\n,[-117.825980, 34.063951]\n,[-117.823989, 34.063823]\n,[-117.820717, 34.063574]\n,[-117.818783, 34.063565]\n,[-117.815537, 34.063693]\n,[-117.812127, 34.063837]\n,[-117.811832, 34.063861]\n,[-117.810724, 34.063979]\n,[-117.809441, 34.064186]\n,[-117.808172, 34.064529]\n,[-117.806938, 34.064963]\n  ],  \"properties\": {\n    \"distance\": \"18.234492\",\n    \"description\": \"To enable simple instructions add: \'instructions=1\' as parameter to the URL\",\n    \"traveltime\": \"632\"\n    }\n}\n'),(13,'10','57 to 15',5,'25.40',10,'254.00','34.064932','-117.806922','34.067278','-117.545418','{\n  \"type\": \"LineString\",\n  \"crs\": {\n    \"type\": \"name\",\n    \"properties\": {\n      \"name\": \"urn:ogc:def:crs:OGC:1.3:CRS84\"\n    }\n  },\n  \"coordinates\":\n  [\n[-117.806938, 34.064963]\n,[-117.806914, 34.064972]\n,[-117.805694, 34.065494]\n,[-117.800672, 34.067796]\n,[-117.799180, 34.068469]\n,[-117.798367, 34.068832]\n,[-117.793444, 34.071102]\n,[-117.792297, 34.071574]\n,[-117.792067, 34.071651]\n,[-117.791041, 34.071998]\n,[-117.789651, 34.072359]\n,[-117.788743, 34.072524]\n,[-117.788047, 34.072653]\n,[-117.787301, 34.072735]\n,[-117.786682, 34.072782]\n,[-117.785934, 34.072784]\n,[-117.783929, 34.072745]\n,[-117.783640, 34.072739]\n,[-117.780415, 34.072768]\n,[-117.779113, 34.072788]\n,[-117.777704, 34.072746]\n,[-117.776896, 34.072722]\n,[-117.775918, 34.072644]\n,[-117.774750, 34.072523]\n,[-117.764149, 34.070836]\n,[-117.762414, 34.070743]\n,[-117.761623, 34.070757]\n,[-117.760921, 34.070811]\n,[-117.759615, 34.071049]\n,[-117.759089, 34.071170]\n,[-117.757124, 34.071805]\n,[-117.756084, 34.072216]\n,[-117.755201, 34.072563]\n,[-117.754850, 34.072704]\n,[-117.752649, 34.073593]\n,[-117.750037, 34.074635]\n,[-117.746141, 34.076216]\n,[-117.745751, 34.076387]\n,[-117.741820, 34.078034]\n,[-117.741357, 34.078225]\n,[-117.737663, 34.079751]\n,[-117.736908, 34.080081]\n,[-117.736498, 34.080252]\n,[-117.735480, 34.080633]\n,[-117.734367, 34.080999]\n,[-117.733417, 34.081224]\n,[-117.732459, 34.081379]\n,[-117.731595, 34.081435]\n,[-117.727992, 34.081495]\n,[-117.723591, 34.081558]\n,[-117.719403, 34.081624]\n,[-117.719130, 34.081627]\n,[-117.715324, 34.081701]\n,[-117.715096, 34.081697]\n,[-117.714721, 34.081705]\n,[-117.710361, 34.081757]\n,[-117.709830, 34.081750]\n,[-117.704253, 34.081644]\n,[-117.702918, 34.081634]\n,[-117.701453, 34.081634]\n,[-117.700379, 34.081698]\n,[-117.699108, 34.081856]\n,[-117.698361, 34.081982]\n,[-117.698091, 34.082037]\n,[-117.697023, 34.082300]\n,[-117.696365, 34.082487]\n,[-117.694480, 34.083194]\n,[-117.693260, 34.083732]\n,[-117.690154, 34.085107]\n,[-117.688867, 34.085689]\n,[-117.687846, 34.086144]\n,[-117.687096, 34.086422]\n,[-117.685800, 34.086794]\n,[-117.685554, 34.086869]\n,[-117.684868, 34.087000]\n,[-117.684292, 34.087082]\n,[-117.683288, 34.087153]\n,[-117.677692, 34.087146]\n,[-117.674839, 34.087175]\n,[-117.674044, 34.087181]\n,[-117.670428, 34.087173]\n,[-117.669884, 34.087175]\n,[-117.665664, 34.087192]\n,[-117.664545, 34.087230]\n,[-117.661315, 34.087238]\n,[-117.657128, 34.087220]\n,[-117.655517, 34.087220]\n,[-117.652636, 34.087207]\n,[-117.650798, 34.087235]\n,[-117.648520, 34.087260]\n,[-117.645153, 34.087259]\n,[-117.643969, 34.087210]\n,[-117.642673, 34.087050]\n,[-117.641229, 34.086788]\n,[-117.640064, 34.086513]\n,[-117.638991, 34.086193]\n,[-117.638030, 34.085823]\n,[-117.636902, 34.085312]\n,[-117.636201, 34.084935]\n,[-117.634701, 34.084053]\n,[-117.633463, 34.083373]\n,[-117.628675, 34.080555]\n,[-117.628466, 34.080434]\n,[-117.627730, 34.080002]\n,[-117.626245, 34.079155]\n,[-117.624068, 34.077915]\n,[-117.622666, 34.077121]\n,[-117.619768, 34.075433]\n,[-117.617722, 34.074299]\n,[-117.614871, 34.072617]\n,[-117.613416, 34.071784]\n,[-117.611590, 34.070756]\n,[-117.609947, 34.069964]\n,[-117.607206, 34.068909]\n,[-117.605570, 34.068434]\n,[-117.605084, 34.068348]\n,[-117.604005, 34.068112]\n,[-117.602176, 34.067812]\n,[-117.601426, 34.067698]\n,[-117.600983, 34.067657]\n,[-117.599604, 34.067566]\n,[-117.599314, 34.067553]\n,[-117.594752, 34.067493]\n,[-117.592786, 34.067520]\n,[-117.587438, 34.067448]\n,[-117.586651, 34.067468]\n,[-117.584758, 34.067455]\n,[-117.584462, 34.067459]\n,[-117.580766, 34.067425]\n,[-117.574754, 34.067384]\n,[-117.573952, 34.067412]\n,[-117.571100, 34.067371]\n,[-117.567309, 34.067353]\n,[-117.564628, 34.067333]\n,[-117.556767, 34.067325]\n,[-117.553575, 34.067310]\n,[-117.550246, 34.067306]\n,[-117.545418, 34.067288]\n  ],  \"properties\": {\n    \"distance\": \"25.36553\",\n    \"description\": \"To enable simple instructions add: \'instructions=1\' as parameter to the URL\",\n    \"traveltime\": \"907\"\n    }\n}\n'),(14,'10','15 to 215',6,'23.00',8,'184.00','34.067278','-117.545418','34.064150','-117.297109','{\n  \"type\": \"LineString\",\n  \"crs\": {\n    \"type\": \"name\",\n    \"properties\": {\n      \"name\": \"urn:ogc:def:crs:OGC:1.3:CRS84\"\n    }\n  },\n  \"coordinates\":\n  [\n[-117.545418, 34.067288]\n,[-117.541845, 34.067274]\n,[-117.541339, 34.067270]\n,[-117.539682, 34.067253]\n,[-117.535960, 34.067228]\n,[-117.531623, 34.067213]\n,[-117.528195, 34.067290]\n,[-117.526601, 34.067326]\n,[-117.526464, 34.067329]\n,[-117.524389, 34.067375]\n,[-117.523612, 34.067410]\n,[-117.522094, 34.067447]\n,[-117.517873, 34.067534]\n,[-117.516759, 34.067508]\n,[-117.515418, 34.067394]\n,[-117.514587, 34.067269]\n,[-117.513748, 34.067093]\n,[-117.513566, 34.067055]\n,[-117.513429, 34.067026]\n,[-117.512874, 34.066907]\n,[-117.512218, 34.066771]\n,[-117.511240, 34.066565]\n,[-117.507979, 34.065860]\n,[-117.506254, 34.065626]\n,[-117.504403, 34.065469]\n,[-117.502091, 34.065434]\n,[-117.498194, 34.065548]\n,[-117.494246, 34.065626]\n,[-117.493817, 34.065638]\n,[-117.492795, 34.065697]\n,[-117.491726, 34.065803]\n,[-117.489388, 34.066010]\n,[-117.487912, 34.066031]\n,[-117.484125, 34.065882]\n,[-117.482370, 34.065910]\n,[-117.472348, 34.066161]\n,[-117.461199, 34.066403]\n,[-117.458770, 34.066460]\n,[-117.458375, 34.066474]\n,[-117.454925, 34.066773]\n,[-117.454152, 34.066815]\n,[-117.452916, 34.066844]\n,[-117.450839, 34.066737]\n,[-117.449120, 34.066709]\n,[-117.448614, 34.066709]\n,[-117.441331, 34.066853]\n,[-117.439526, 34.066953]\n,[-117.438505, 34.067042]\n,[-117.436875, 34.067203]\n,[-117.436073, 34.067253]\n,[-117.435260, 34.067273]\n,[-117.434495, 34.067260]\n,[-117.433726, 34.067224]\n,[-117.431613, 34.067121]\n,[-117.430360, 34.067128]\n,[-117.429422, 34.067150]\n,[-117.405126, 34.067711]\n,[-117.404084, 34.067735]\n,[-117.402774, 34.067882]\n,[-117.400865, 34.068028]\n,[-117.397779, 34.068294]\n,[-117.395650, 34.068386]\n,[-117.394138, 34.068370]\n,[-117.390620, 34.068186]\n,[-117.389509, 34.068137]\n,[-117.387668, 34.068102]\n,[-117.386732, 34.068123]\n,[-117.375539, 34.068408]\n,[-117.374544, 34.068443]\n,[-117.373609, 34.068514]\n,[-117.372647, 34.068614]\n,[-117.371884, 34.068695]\n,[-117.371761, 34.068707]\n,[-117.370594, 34.068784]\n,[-117.369427, 34.068784]\n,[-117.367058, 34.068670]\n,[-117.365581, 34.068635]\n,[-117.364955, 34.068635]\n,[-117.357831, 34.068805]\n,[-117.354518, 34.068855]\n,[-117.352029, 34.068848]\n,[-117.349540, 34.068805]\n,[-117.347955, 34.068716]\n,[-117.347220, 34.068677]\n,[-117.342785, 34.068434]\n,[-117.341578, 34.068350]\n,[-117.340519, 34.068300]\n,[-117.339489, 34.068236]\n,[-117.338648, 34.068130]\n,[-117.337790, 34.067952]\n,[-117.336700, 34.067646]\n,[-117.335361, 34.067177]\n,[-117.334562, 34.066935]\n,[-117.333635, 34.066715]\n,[-117.332494, 34.066566]\n,[-117.331309, 34.066403]\n,[-117.329292, 34.066118]\n,[-117.328754, 34.066074]\n,[-117.328173, 34.066063]\n,[-117.327761, 34.066085]\n,[-117.327430, 34.066103]\n,[-117.326702, 34.066128]\n,[-117.326378, 34.066107]\n,[-117.324634, 34.065892]\n,[-117.324440, 34.065864]\n,[-117.323113, 34.065669]\n,[-117.322844, 34.065632]\n,[-117.321361, 34.065463]\n,[-117.317704, 34.065113]\n,[-117.315479, 34.064893]\n,[-117.314522, 34.064814]\n,[-117.313771, 34.064777]\n,[-117.313226, 34.064769]\n,[-117.312627, 34.064779]\n,[-117.308283, 34.065005]\n,[-117.307634, 34.065046]\n,[-117.306352, 34.065073]\n,[-117.306115, 34.065082]\n,[-117.304701, 34.065092]\n,[-117.303837, 34.065066]\n,[-117.303424, 34.065024]\n,[-117.301009, 34.064722]\n,[-117.299219, 34.064491]\n,[-117.297104, 34.064171]\n  ],  \"properties\": {\n    \"distance\": \"23.021009\",\n    \"description\": \"To enable simple instructions add: \'instructions=1\' as parameter to the URL\",\n    \"traveltime\": \"874\"\n    }\n}\n'),(15,'10','215 to 210',7,'8.90',8,'71.20','34.064150','-117.297109','34.065874','-117.201751','{\n  \"type\": \"LineString\",\n  \"crs\": {\n    \"type\": \"name\",\n    \"properties\": {\n      \"name\": \"urn:ogc:def:crs:OGC:1.3:CRS84\"\n    }\n  },\n  \"coordinates\":\n  [\n[-117.297104, 34.064171]\n,[-117.293811, 34.063673]\n,[-117.292799, 34.063561]\n,[-117.292338, 34.063498]\n,[-117.291832, 34.063429]\n,[-117.291305, 34.063373]\n,[-117.290766, 34.063346]\n,[-117.290350, 34.063341]\n,[-117.289928, 34.063349]\n,[-117.287954, 34.063446]\n,[-117.287718, 34.063488]\n,[-117.287213, 34.063526]\n,[-117.286876, 34.063545]\n,[-117.285726, 34.063631]\n,[-117.282482, 34.063869]\n,[-117.280802, 34.064008]\n,[-117.279706, 34.064099]\n,[-117.278995, 34.064149]\n,[-117.278457, 34.064158]\n,[-117.277937, 34.064151]\n,[-117.277567, 34.064131]\n,[-117.277185, 34.064092]\n,[-117.276708, 34.064032]\n,[-117.275447, 34.063859]\n,[-117.274663, 34.063768]\n,[-117.273982, 34.063717]\n,[-117.273392, 34.063695]\n,[-117.272269, 34.063688]\n,[-117.270204, 34.063692]\n,[-117.267135, 34.063719]\n,[-117.266318, 34.063753]\n,[-117.265218, 34.063826]\n,[-117.264377, 34.063904]\n,[-117.263534, 34.063996]\n,[-117.262493, 34.064138]\n,[-117.261462, 34.064305]\n,[-117.260941, 34.064402]\n,[-117.260203, 34.064548]\n,[-117.256145, 34.065473]\n,[-117.253354, 34.066113]\n,[-117.252531, 34.066279]\n,[-117.251778, 34.066381]\n,[-117.251151, 34.066446]\n,[-117.250523, 34.066483]\n,[-117.250230, 34.066491]\n,[-117.243936, 34.066498]\n,[-117.243426, 34.066496]\n,[-117.237954, 34.066498]\n,[-117.237755, 34.066501]\n,[-117.236536, 34.066504]\n,[-117.234367, 34.066489]\n,[-117.226475, 34.066498]\n,[-117.225889, 34.066500]\n,[-117.219972, 34.066496]\n,[-117.217789, 34.066470]\n,[-117.217130, 34.066471]\n,[-117.214332, 34.066483]\n,[-117.209616, 34.066473]\n,[-117.205287, 34.066502]\n,[-117.204507, 34.066467]\n,[-117.203780, 34.066393]\n,[-117.203154, 34.066307]\n,[-117.202566, 34.066162]\n,[-117.201991, 34.065999]\n,[-117.201731, 34.065916]\n  ],  \"properties\": {\n    \"distance\": \"8.865057\",\n    \"description\": \"To enable simple instructions add: \'instructions=1\' as parameter to the URL\",\n    \"traveltime\": \"345\"\n    }\n}\n'),(16,'10','210 to 60',8,'25.80',8,'206.40','34.065874','-117.201751','33.933323','-116.990785','{\n  \"type\": \"LineString\",\n  \"crs\": {\n    \"type\": \"name\",\n    \"properties\": {\n      \"name\": \"urn:ogc:def:crs:OGC:1.3:CRS84\"\n    }\n  },\n  \"coordinates\":\n  [\n[-117.201731, 34.065916]\n,[-117.200957, 34.065667]\n,[-117.200047, 34.065212]\n,[-117.197539, 34.063720]\n,[-117.196537, 34.063111]\n,[-117.195944, 34.062793]\n,[-117.195326, 34.062514]\n,[-117.194365, 34.062159]\n,[-117.193906, 34.062033]\n,[-117.193075, 34.061849]\n,[-117.192180, 34.061715]\n,[-117.191676, 34.061680]\n,[-117.191098, 34.061663]\n,[-117.190968, 34.061660]\n,[-117.189860, 34.061666]\n,[-117.187203, 34.061689]\n,[-117.186769, 34.061692]\n,[-117.186212, 34.061696]\n,[-117.182940, 34.061687]\n,[-117.182167, 34.061691]\n,[-117.180614, 34.061709]\n,[-117.180115, 34.061679]\n,[-117.178318, 34.061492]\n,[-117.177744, 34.061388]\n,[-117.177171, 34.061245]\n,[-117.175769, 34.060782]\n,[-117.175301, 34.060619]\n,[-117.174710, 34.060361]\n,[-117.174117, 34.060031]\n,[-117.173521, 34.059722]\n,[-117.172586, 34.059278]\n,[-117.171322, 34.058639]\n,[-117.167121, 34.056515]\n,[-117.166539, 34.056224]\n,[-117.165659, 34.055792]\n,[-117.164943, 34.055379]\n,[-117.164375, 34.055017]\n,[-117.163847, 34.054612]\n,[-117.163453, 34.054294]\n,[-117.163071, 34.053941]\n,[-117.162513, 34.053359]\n,[-117.162081, 34.052859]\n,[-117.161334, 34.051883]\n,[-117.161175, 34.051698]\n,[-117.160915, 34.051369]\n,[-117.159191, 34.049209]\n,[-117.158832, 34.048678]\n,[-117.158608, 34.048297]\n,[-117.158170, 34.047470]\n,[-117.157475, 34.045864]\n,[-117.156814, 34.044254]\n,[-117.155905, 34.042152]\n,[-117.155660, 34.041616]\n,[-117.155447, 34.041242]\n,[-117.155241, 34.040913]\n,[-117.154846, 34.040358]\n,[-117.154363, 34.039785]\n,[-117.153931, 34.039340]\n,[-117.153350, 34.038815]\n,[-117.152488, 34.038194]\n,[-117.150110, 34.036859]\n,[-117.148420, 34.036032]\n,[-117.146403, 34.035271]\n,[-117.140983, 34.033743]\n,[-117.138185, 34.032854]\n,[-117.135434, 34.031622]\n,[-117.133739, 34.030862]\n,[-117.130954, 34.029828]\n,[-117.129383, 34.029102]\n,[-117.128706, 34.028762]\n,[-117.127881, 34.028348]\n,[-117.126834, 34.028057]\n,[-117.125220, 34.027772]\n,[-117.124285, 34.027651]\n,[-117.123675, 34.027544]\n,[-117.120809, 34.027118]\n,[-117.119607, 34.026766]\n,[-117.118619, 34.026381]\n,[-117.117280, 34.025805]\n,[-117.116310, 34.025442]\n,[-117.115280, 34.025151]\n,[-117.114268, 34.024895]\n,[-117.112388, 34.024489]\n,[-117.108371, 34.023678]\n,[-117.107375, 34.023394]\n,[-117.106466, 34.023024]\n,[-117.105599, 34.022593]\n,[-117.099682, 34.018896]\n,[-117.098066, 34.017914]\n,[-117.097453, 34.017518]\n,[-117.095914, 34.016544]\n,[-117.094784, 34.016002]\n,[-117.093986, 34.015703]\n,[-117.092815, 34.015355]\n,[-117.092527, 34.015312]\n,[-117.091394, 34.015138]\n,[-117.090201, 34.015106]\n,[-117.088758, 34.015144]\n,[-117.087771, 34.015130]\n,[-117.086889, 34.015060]\n,[-117.086015, 34.014919]\n,[-117.081670, 34.013998]\n,[-117.073466, 34.012259]\n,[-117.072577, 34.011990]\n,[-117.072490, 34.011964]\n,[-117.071676, 34.011662]\n,[-117.070896, 34.011290]\n,[-117.070253, 34.010918]\n,[-117.069582, 34.010453]\n,[-117.068947, 34.009947]\n,[-117.068388, 34.009393]\n,[-117.067914, 34.008838]\n,[-117.067497, 34.008240]\n,[-117.067183, 34.007739]\n,[-117.066759, 34.006906]\n,[-117.066079, 34.005672]\n,[-117.065201, 34.004042]\n,[-117.065044, 34.003713]\n,[-117.064874, 34.003405]\n,[-117.063222, 34.000393]\n,[-117.062969, 33.999905]\n,[-117.062643, 33.999307]\n,[-117.062059, 33.998224]\n,[-117.061575, 33.997415]\n,[-117.060513, 33.995852]\n,[-117.060054, 33.995177]\n,[-117.058368, 33.992752]\n,[-117.058008, 33.992254]\n,[-117.056492, 33.989993]\n,[-117.055300, 33.988262]\n,[-117.054401, 33.986835]\n,[-117.053785, 33.985785]\n,[-117.052981, 33.984270]\n,[-117.052421, 33.983126]\n,[-117.052053, 33.982443]\n,[-117.050929, 33.980166]\n,[-117.050376, 33.979092]\n,[-117.049746, 33.978189]\n,[-117.049362, 33.977691]\n,[-117.048971, 33.977243]\n,[-117.048131, 33.976432]\n,[-117.047540, 33.975942]\n,[-117.046769, 33.975389]\n,[-117.045989, 33.974900]\n,[-117.045053, 33.974404]\n,[-117.043299, 33.973627]\n,[-117.042466, 33.973232]\n,[-117.041788, 33.972832]\n,[-117.041109, 33.972367]\n,[-117.040479, 33.971873]\n,[-117.038954, 33.970566]\n,[-117.037458, 33.969268]\n,[-117.036792, 33.968758]\n,[-117.036184, 33.968334]\n,[-117.035119, 33.967709]\n,[-117.034162, 33.967237]\n,[-117.032214, 33.966298]\n,[-117.031669, 33.966015]\n,[-117.030947, 33.965613]\n,[-117.030320, 33.965185]\n,[-117.029744, 33.964728]\n,[-117.028716, 33.963798]\n,[-117.027742, 33.962932]\n,[-117.026988, 33.962365]\n,[-117.024075, 33.960412]\n,[-117.018435, 33.956681]\n,[-117.016738, 33.955579]\n,[-117.015334, 33.954571]\n,[-117.014330, 33.953809]\n,[-117.013735, 33.953380]\n,[-117.012448, 33.952504]\n,[-117.008707, 33.949814]\n,[-117.007643, 33.949052]\n,[-117.006847, 33.948463]\n,[-117.006233, 33.947996]\n,[-117.005773, 33.947585]\n,[-117.005328, 33.947189]\n,[-117.005014, 33.946893]\n,[-117.004756, 33.946629]\n,[-117.004346, 33.946247]\n,[-117.003252, 33.945006]\n,[-117.001735, 33.943206]\n,[-117.001254, 33.942616]\n,[-117.000910, 33.942199]\n,[-117.000653, 33.941889]\n,[-116.998704, 33.939545]\n,[-116.997860, 33.938587]\n,[-116.997418, 33.938128]\n,[-116.997105, 33.937833]\n,[-116.996917, 33.937662]\n,[-116.996665, 33.937431]\n,[-116.996238, 33.937091]\n,[-116.994677, 33.936024]\n,[-116.993659, 33.935284]\n,[-116.992482, 33.934459]\n,[-116.991821, 33.934017]\n,[-116.991254, 33.933618]\n,[-116.990790, 33.933317]\n  ],  \"properties\": {\n    \"distance\": \"25.817273\",\n    \"description\": \"To enable simple instructions add: \'instructions=1\' as parameter to the URL\",\n    \"traveltime\": \"918\"\n    }\n}\n'),(17,'10','60 to 86',9,'82.10',8,'656.80','33.933323','-116.990785','33.717225','-116.192404','{\n  \"type\": \"LineString\",\n  \"crs\": {\n    \"type\": \"name\",\n    \"properties\": {\n      \"name\": \"urn:ogc:def:crs:OGC:1.3:CRS84\"\n    }\n  },\n  \"coordinates\":\n  [\n[-116.990790, 33.933317]\n,[-116.990782, 33.933312]\n,[-116.990319, 33.933049]\n,[-116.989813, 33.932799]\n,[-116.989117, 33.932522]\n,[-116.987963, 33.932017]\n,[-116.987143, 33.931642]\n,[-116.986766, 33.931421]\n,[-116.986343, 33.931115]\n,[-116.985974, 33.930834]\n,[-116.985440, 33.930361]\n,[-116.984476, 33.929516]\n,[-116.983863, 33.928954]\n,[-116.983046, 33.928342]\n,[-116.982344, 33.927915]\n,[-116.981496, 33.927539]\n,[-116.981206, 33.927443]\n,[-116.980967, 33.927354]\n,[-116.979833, 33.927108]\n,[-116.978822, 33.926949]\n,[-116.978489, 33.926919]\n,[-116.978207, 33.926916]\n,[-116.977877, 33.926914]\n,[-116.974872, 33.926898]\n,[-116.973257, 33.926959]\n,[-116.972213, 33.927024]\n,[-116.971111, 33.927077]\n,[-116.969486, 33.927212]\n,[-116.968433, 33.927254]\n,[-116.967432, 33.927225]\n,[-116.966278, 33.927196]\n,[-116.965831, 33.927186]\n,[-116.960278, 33.927062]\n,[-116.952338, 33.926917]\n,[-116.947062, 33.926834]\n,[-116.946651, 33.926820]\n,[-116.940694, 33.926537]\n,[-116.936790, 33.926414]\n,[-116.920999, 33.925802]\n,[-116.919940, 33.925731]\n,[-116.918711, 33.925596]\n,[-116.917281, 33.925362]\n,[-116.916775, 33.925282]\n,[-116.911951, 33.924518]\n,[-116.911625, 33.924467]\n,[-116.911023, 33.924372]\n,[-116.910165, 33.924249]\n,[-116.909288, 33.924199]\n,[-116.906256, 33.924165]\n,[-116.905829, 33.924163]\n,[-116.903924, 33.924190]\n,[-116.902924, 33.924177]\n,[-116.902016, 33.924180]\n,[-116.900995, 33.924169]\n,[-116.900738, 33.924167]\n,[-116.898113, 33.924153]\n,[-116.896654, 33.924139]\n,[-116.889817, 33.924136]\n,[-116.885541, 33.924140]\n,[-116.885349, 33.924139]\n,[-116.881488, 33.924140]\n,[-116.873123, 33.924162]\n,[-116.868040, 33.924174]\n,[-116.867833, 33.924177]\n,[-116.863739, 33.924199]\n,[-116.862111, 33.924225]\n,[-116.861336, 33.924299]\n,[-116.860077, 33.924407]\n,[-116.858808, 33.924578]\n,[-116.857643, 33.924786]\n,[-116.856534, 33.925028]\n,[-116.855100, 33.925341]\n,[-116.854090, 33.925617]\n,[-116.853077, 33.925998]\n,[-116.852028, 33.926456]\n,[-116.851457, 33.926701]\n,[-116.850839, 33.926969]\n,[-116.850069, 33.927173]\n,[-116.849194, 33.927335]\n,[-116.846893, 33.927677]\n,[-116.846182, 33.927813]\n,[-116.845700, 33.927929]\n,[-116.841467, 33.928948]\n,[-116.838429, 33.929680]\n,[-116.833936, 33.930713]\n,[-116.832886, 33.930943]\n,[-116.830851, 33.931300]\n,[-116.829768, 33.931383]\n,[-116.828888, 33.931430]\n,[-116.828455, 33.931437]\n,[-116.828020, 33.931430]\n,[-116.827142, 33.931384]\n,[-116.826894, 33.931381]\n,[-116.823898, 33.931226]\n,[-116.823299, 33.931165]\n,[-116.822814, 33.931096]\n,[-116.822060, 33.930947]\n,[-116.821463, 33.930793]\n,[-116.820923, 33.930623]\n,[-116.820351, 33.930407]\n,[-116.819779, 33.930156]\n,[-116.819234, 33.929869]\n,[-116.818587, 33.929477]\n,[-116.818129, 33.929155]\n,[-116.812038, 33.924421]\n,[-116.811900, 33.924314]\n,[-116.811665, 33.924131]\n,[-116.810543, 33.923309]\n,[-116.809938, 33.922906]\n,[-116.809400, 33.922583]\n,[-116.808628, 33.922154]\n,[-116.808063, 33.921868]\n,[-116.807375, 33.921549]\n,[-116.806829, 33.921320]\n,[-116.806169, 33.921049]\n,[-116.802332, 33.919495]\n,[-116.801417, 33.919218]\n,[-116.800462, 33.918993]\n,[-116.799696, 33.918847]\n,[-116.798913, 33.918734]\n,[-116.798281, 33.918674]\n,[-116.797649, 33.918633]\n,[-116.796858, 33.918613]\n,[-116.789352, 33.918616]\n,[-116.782583, 33.918618]\n,[-116.776938, 33.918606]\n,[-116.772374, 33.918622]\n,[-116.771185, 33.918696]\n,[-116.770325, 33.918801]\n,[-116.763889, 33.919810]\n,[-116.763678, 33.919844]\n,[-116.761915, 33.920117]\n,[-116.760355, 33.920341]\n,[-116.758457, 33.920536]\n,[-116.756568, 33.920666]\n,[-116.748380, 33.921218]\n,[-116.747756, 33.921273]\n,[-116.747158, 33.921365]\n,[-116.746669, 33.921460]\n,[-116.746195, 33.921569]\n,[-116.745674, 33.921730]\n,[-116.745175, 33.921907]\n,[-116.739074, 33.924237]\n,[-116.738676, 33.924360]\n,[-116.738298, 33.924464]\n,[-116.738112, 33.924507]\n,[-116.737783, 33.924567]\n,[-116.737448, 33.924616]\n,[-116.736925, 33.924674]\n,[-116.736282, 33.924689]\n,[-116.735698, 33.924660]\n,[-116.735183, 33.924603]\n,[-116.732830, 33.924212]\n,[-116.730530, 33.923830]\n,[-116.723383, 33.922624]\n,[-116.718780, 33.921855]\n,[-116.714559, 33.921143]\n,[-116.713750, 33.921040]\n,[-116.712954, 33.920966]\n,[-116.712017, 33.920921]\n,[-116.711197, 33.920912]\n,[-116.710104, 33.920941]\n,[-116.709145, 33.921018]\n,[-116.707876, 33.921185]\n,[-116.706747, 33.921398]\n,[-116.705941, 33.921583]\n,[-116.703297, 33.922363]\n,[-116.697156, 33.924187]\n,[-116.696660, 33.924315]\n,[-116.696207, 33.924406]\n,[-116.695856, 33.924456]\n,[-116.695510, 33.924490]\n,[-116.695385, 33.924495]\n,[-116.695051, 33.924508]\n,[-116.694720, 33.924507]\n,[-116.694513, 33.924498]\n,[-116.694318, 33.924487]\n,[-116.694144, 33.924473]\n,[-116.693979, 33.924462]\n,[-116.693735, 33.924434]\n,[-116.688058, 33.923394]\n,[-116.684663, 33.922796]\n,[-116.682845, 33.922508]\n,[-116.682072, 33.922441]\n,[-116.681572, 33.922403]\n,[-116.680843, 33.922372]\n,[-116.680269, 33.922360]\n,[-116.679702, 33.922362]\n,[-116.678912, 33.922384]\n,[-116.677602, 33.922478]\n,[-116.676518, 33.922565]\n,[-116.675578, 33.922627]\n,[-116.674095, 33.922679]\n,[-116.673753, 33.922685]\n,[-116.673037, 33.922686]\n,[-116.672235, 33.922670]\n,[-116.671298, 33.922629]\n,[-116.668156, 33.922456]\n,[-116.661748, 33.922048]\n,[-116.657272, 33.921797]\n,[-116.656846, 33.921779]\n,[-116.655568, 33.921799]\n,[-116.654066, 33.921918]\n,[-116.653144, 33.922034]\n,[-116.650880, 33.922402]\n,[-116.649611, 33.922604]\n,[-116.646744, 33.923095]\n,[-116.645420, 33.923301]\n,[-116.644503, 33.923424]\n,[-116.643560, 33.923502]\n,[-116.642913, 33.923536]\n,[-116.642167, 33.923557]\n,[-116.641504, 33.923553]\n,[-116.640490, 33.923508]\n,[-116.639172, 33.923390]\n,[-116.637931, 33.923207]\n,[-116.636846, 33.922994]\n,[-116.636219, 33.922847]\n,[-116.635270, 33.922583]\n,[-116.634724, 33.922412]\n,[-116.634001, 33.922158]\n,[-116.633160, 33.921823]\n,[-116.632319, 33.921449]\n,[-116.630117, 33.920424]\n,[-116.628183, 33.919515]\n,[-116.627492, 33.919208]\n,[-116.626756, 33.918935]\n,[-116.625867, 33.918674]\n,[-116.624300, 33.918342]\n,[-116.614209, 33.916297]\n,[-116.610925, 33.915634]\n,[-116.610089, 33.915458]\n,[-116.608343, 33.915108]\n,[-116.604202, 33.914265]\n,[-116.603728, 33.914168]\n,[-116.596589, 33.912718]\n,[-116.593357, 33.912063]\n,[-116.584947, 33.910415]\n,[-116.582328, 33.909819]\n,[-116.580121, 33.909376]\n,[-116.577549, 33.908852]\n,[-116.561160, 33.905557]\n,[-116.558495, 33.904997]\n,[-116.556365, 33.904748]\n,[-116.555814, 33.904736]\n,[-116.554655, 33.904707]\n,[-116.551493, 33.904725]\n,[-116.548776, 33.904715]\n,[-116.546478, 33.904658]\n,[-116.545321, 33.904554]\n,[-116.544086, 33.904361]\n,[-116.542509, 33.903940]\n,[-116.540749, 33.903356]\n,[-116.538621, 33.902715]\n,[-116.537812, 33.902427]\n,[-116.535488, 33.901691]\n,[-116.532314, 33.900677]\n,[-116.531392, 33.900293]\n,[-116.530868, 33.900055]\n,[-116.529397, 33.899276]\n,[-116.527240, 33.898098]\n,[-116.524725, 33.896702]\n,[-116.522690, 33.895419]\n,[-116.521022, 33.894088]\n,[-116.520643, 33.893751]\n,[-116.520203, 33.893367]\n,[-116.519575, 33.892862]\n,[-116.511415, 33.885895]\n,[-116.510917, 33.885494]\n,[-116.509184, 33.884016]\n,[-116.508401, 33.883366]\n,[-116.507124, 33.882268]\n,[-116.506065, 33.881389]\n,[-116.505260, 33.880685]\n,[-116.499968, 33.876173]\n,[-116.499515, 33.875788]\n,[-116.498028, 33.874522]\n,[-116.493885, 33.871003]\n,[-116.492603, 33.869916]\n,[-116.491670, 33.869161]\n,[-116.491469, 33.868999]\n,[-116.490318, 33.868165]\n,[-116.488245, 33.866834]\n,[-116.485900, 33.865443]\n,[-116.462796, 33.851801]\n,[-116.461208, 33.850864]\n,[-116.458096, 33.849026]\n,[-116.454341, 33.846807]\n,[-116.452241, 33.845553]\n,[-116.449251, 33.843795]\n,[-116.440943, 33.838874]\n,[-116.439483, 33.838012]\n,[-116.438328, 33.837328]\n,[-116.436524, 33.836267]\n,[-116.435016, 33.835370]\n,[-116.433962, 33.834748]\n,[-116.433053, 33.834205]\n,[-116.431277, 33.833168]\n,[-116.429560, 33.832145]\n,[-116.427956, 33.831199]\n,[-116.426222, 33.830165]\n,[-116.424127, 33.828926]\n,[-116.421258, 33.827229]\n,[-116.419734, 33.826327]\n,[-116.417682, 33.825105]\n,[-116.414965, 33.823507]\n,[-116.413839, 33.822840]\n,[-116.412410, 33.822005]\n,[-116.410858, 33.821071]\n,[-116.409802, 33.820429]\n,[-116.408815, 33.819767]\n,[-116.407530, 33.818851]\n,[-116.405149, 33.817049]\n,[-116.400869, 33.813799]\n,[-116.399004, 33.812423]\n,[-116.397843, 33.811569]\n,[-116.396563, 33.810754]\n,[-116.394168, 33.809341]\n,[-116.392771, 33.808498]\n,[-116.391932, 33.807986]\n,[-116.391678, 33.807842]\n,[-116.391331, 33.807656]\n,[-116.391017, 33.807490]\n,[-116.390515, 33.807244]\n,[-116.390025, 33.807026]\n,[-116.389529, 33.806815]\n,[-116.388397, 33.806335]\n,[-116.387974, 33.806152]\n,[-116.387723, 33.806037]\n,[-116.387445, 33.805904]\n,[-116.387184, 33.805774]\n,[-116.386915, 33.805639]\n,[-116.386666, 33.805504]\n,[-116.386418, 33.805370]\n,[-116.386097, 33.805179]\n,[-116.385786, 33.804989]\n,[-116.385422, 33.804751]\n,[-116.384976, 33.804439]\n,[-116.384728, 33.804257]\n,[-116.384490, 33.804073]\n,[-116.384264, 33.803898]\n,[-116.384068, 33.803737]\n,[-116.383211, 33.803034]\n,[-116.382783, 33.802693]\n,[-116.382061, 33.802149]\n,[-116.381428, 33.801765]\n,[-116.370099, 33.795030]\n,[-116.362401, 33.790446]\n,[-116.362021, 33.790240]\n,[-116.358238, 33.787994]\n,[-116.355021, 33.786081]\n,[-116.354614, 33.785840]\n,[-116.350500, 33.783400]\n,[-116.350308, 33.783268]\n,[-116.335664, 33.774627]\n,[-116.331158, 33.771916]\n,[-116.325524, 33.768576]\n,[-116.322635, 33.766878]\n,[-116.321077, 33.766085]\n,[-116.319484, 33.765347]\n,[-116.317838, 33.764717]\n,[-116.315626, 33.764031]\n,[-116.308198, 33.761803]\n,[-116.306848, 33.761440]\n,[-116.306196, 33.761318]\n,[-116.305433, 33.761178]\n,[-116.302892, 33.760740]\n,[-116.301046, 33.760220]\n,[-116.299982, 33.759827]\n,[-116.298177, 33.759009]\n,[-116.297146, 33.758547]\n,[-116.295912, 33.758086]\n,[-116.288807, 33.755956]\n,[-116.286680, 33.755269]\n,[-116.284311, 33.754377]\n,[-116.275064, 33.750665]\n,[-116.274192, 33.750399]\n,[-116.273666, 33.750287]\n,[-116.273135, 33.750188]\n,[-116.272847, 33.750149]\n,[-116.271630, 33.749982]\n,[-116.270921, 33.749879]\n,[-116.270218, 33.749744]\n,[-116.269653, 33.749600]\n,[-116.269105, 33.749427]\n,[-116.268668, 33.749271]\n,[-116.268261, 33.749100]\n,[-116.267638, 33.748804]\n,[-116.266965, 33.748408]\n,[-116.266210, 33.747894]\n,[-116.264020, 33.746050]\n,[-116.263150, 33.745390]\n,[-116.262416, 33.744922]\n,[-116.261630, 33.744484]\n,[-116.254853, 33.741096]\n,[-116.252570, 33.739969]\n,[-116.249927, 33.739017]\n,[-116.248301, 33.738630]\n,[-116.245695, 33.738191]\n,[-116.243480, 33.738063]\n,[-116.241395, 33.738134]\n,[-116.240021, 33.738284]\n,[-116.238760, 33.738477]\n,[-116.234760, 33.739255]\n,[-116.233644, 33.739298]\n,[-116.233018, 33.739255]\n,[-116.228263, 33.738941]\n,[-116.221145, 33.738368]\n,[-116.217843, 33.738006]\n,[-116.216701, 33.737777]\n,[-116.215319, 33.737313]\n,[-116.213937, 33.736593]\n,[-116.212684, 33.735629]\n,[-116.211079, 33.734001]\n,[-116.208139, 33.730954]\n,[-116.206799, 33.729759]\n,[-116.206080, 33.729176]\n,[-116.205209, 33.728518]\n,[-116.203223, 33.727111]\n,[-116.202121, 33.726325]\n,[-116.201468, 33.725809]\n,[-116.201167, 33.725549]\n,[-116.200877, 33.725287]\n,[-116.200601, 33.725027]\n,[-116.200337, 33.724764]\n,[-116.198963, 33.723363]\n,[-116.196270, 33.720631]\n,[-116.195017, 33.719351]\n,[-116.194616, 33.718947]\n,[-116.194206, 33.718547]\n,[-116.193908, 33.718300]\n,[-116.193612, 33.718055]\n,[-116.193287, 33.717803]\n,[-116.192974, 33.717567]\n,[-116.192656, 33.717351]\n,[-116.192423, 33.717204]\n  ],  \"properties\": {\n    \"distance\": \"82.146011\",\n    \"description\": \"To enable simple instructions add: \'instructions=1\' as parameter to the URL\",\n    \"traveltime\": \"2757\"\n    }\n}\n'),(18,'10','86 to AZ border',10,'157.80',4,'631.20','33.717225','-116.192404','33.604678','-114.531071','{\n  \"type\": \"LineString\",\n  \"crs\": {\n    \"type\": \"name\",\n    \"properties\": {\n      \"name\": \"urn:ogc:def:crs:OGC:1.3:CRS84\"\n    }\n  },\n  \"coordinates\":\n  [\n[-116.192423, 33.717204]\n,[-116.192327, 33.717144]\n,[-116.192034, 33.716967]\n,[-116.191742, 33.716797]\n,[-116.191505, 33.716672]\n,[-116.191278, 33.716556]\n,[-116.190857, 33.716346]\n,[-116.190260, 33.716087]\n,[-116.189769, 33.715891]\n,[-116.189357, 33.715747]\n,[-116.188937, 33.715614]\n,[-116.188384, 33.715457]\n,[-116.187877, 33.715334]\n,[-116.187339, 33.715223]\n,[-116.186852, 33.715140]\n,[-116.186344, 33.715070]\n,[-116.185889, 33.715024]\n,[-116.185482, 33.714991]\n,[-116.185031, 33.714967]\n,[-116.184569, 33.714956]\n,[-116.183657, 33.714955]\n,[-116.181826, 33.714952]\n,[-116.178743, 33.714953]\n,[-116.178142, 33.714953]\n,[-116.173401, 33.714953]\n,[-116.172410, 33.714951]\n,[-116.170951, 33.714948]\n,[-116.170220, 33.714949]\n,[-116.169855, 33.714945]\n,[-116.169491, 33.714936]\n,[-116.169167, 33.714915]\n,[-116.168843, 33.714891]\n,[-116.168446, 33.714851]\n,[-116.168047, 33.714803]\n,[-116.167688, 33.714749]\n,[-116.167326, 33.714685]\n,[-116.166972, 33.714615]\n,[-116.166619, 33.714534]\n,[-116.166232, 33.714433]\n,[-116.165929, 33.714349]\n,[-116.165594, 33.714253]\n,[-116.164432, 33.713905]\n,[-116.156451, 33.711501]\n,[-116.156261, 33.711444]\n,[-116.148245, 33.709030]\n,[-116.147636, 33.708851]\n,[-116.142951, 33.707469]\n,[-116.140660, 33.706793]\n,[-116.139407, 33.706423]\n,[-116.138300, 33.706090]\n,[-116.137521, 33.705843]\n,[-116.135967, 33.705323]\n,[-116.134467, 33.704822]\n,[-116.132556, 33.704186]\n,[-116.130458, 33.703492]\n,[-116.129404, 33.703140]\n,[-116.128873, 33.702969]\n,[-116.128336, 33.702808]\n,[-116.127876, 33.702685]\n,[-116.127412, 33.702576]\n,[-116.126939, 33.702476]\n,[-116.126464, 33.702381]\n,[-116.125519, 33.702202]\n,[-116.124572, 33.702029]\n,[-116.118446, 33.700870]\n,[-116.112414, 33.699726]\n,[-116.106381, 33.698582]\n,[-116.105615, 33.698434]\n,[-116.103702, 33.698080]\n,[-116.103232, 33.698016]\n,[-116.102789, 33.697967]\n,[-116.102318, 33.697929]\n,[-116.101847, 33.697905]\n,[-116.101375, 33.697896]\n,[-116.100906, 33.697903]\n,[-116.100436, 33.697921]\n,[-116.099969, 33.697952]\n,[-116.099500, 33.697999]\n,[-116.099033, 33.698058]\n,[-116.098571, 33.698119]\n,[-116.098104, 33.698181]\n,[-116.097642, 33.698242]\n,[-116.097172, 33.698308]\n,[-116.087279, 33.699643]\n,[-116.085525, 33.699880]\n,[-116.085060, 33.699935]\n,[-116.084603, 33.699984]\n,[-116.084137, 33.700031]\n,[-116.083660, 33.700071]\n,[-116.083194, 33.700105]\n,[-116.082726, 33.700134]\n,[-116.082256, 33.700159]\n,[-116.081775, 33.700174]\n,[-116.081304, 33.700185]\n,[-116.080831, 33.700193]\n,[-116.080354, 33.700194]\n,[-116.079882, 33.700186]\n,[-116.079412, 33.700175]\n,[-116.078942, 33.700157]\n,[-116.078471, 33.700136]\n,[-116.078005, 33.700106]\n,[-116.069347, 33.699497]\n,[-116.068672, 33.699451]\n,[-116.068196, 33.699413]\n,[-116.067718, 33.699369]\n,[-116.067249, 33.699313]\n,[-116.066780, 33.699247]\n,[-116.066318, 33.699165]\n,[-116.065851, 33.699074]\n,[-116.065517, 33.699001]\n,[-116.065166, 33.698920]\n,[-116.064591, 33.698766]\n,[-116.064111, 33.698626]\n,[-116.063632, 33.698468]\n,[-116.063057, 33.698258]\n,[-116.062591, 33.698074]\n,[-116.062186, 33.697903]\n,[-116.061779, 33.697719]\n,[-116.061370, 33.697521]\n,[-116.056138, 33.694884]\n,[-116.054757, 33.694188]\n,[-116.053939, 33.693776]\n,[-116.051778, 33.692677]\n,[-116.051217, 33.692407]\n,[-116.050626, 33.692165]\n,[-116.050176, 33.691981]\n,[-116.049724, 33.691826]\n,[-116.048799, 33.691557]\n,[-116.047775, 33.691288]\n,[-116.043990, 33.690319]\n,[-116.040221, 33.689362]\n,[-116.040046, 33.689317]\n,[-116.038133, 33.688826]\n,[-116.036170, 33.688322]\n,[-116.030945, 33.686984]\n,[-116.029344, 33.686590]\n,[-116.028628, 33.686397]\n,[-116.027208, 33.686028]\n,[-116.026854, 33.685934]\n,[-116.026500, 33.685843]\n,[-116.025785, 33.685668]\n,[-116.025333, 33.685552]\n,[-116.024873, 33.685446]\n,[-116.024415, 33.685333]\n,[-116.023955, 33.685231]\n,[-116.022090, 33.684818]\n,[-116.013695, 33.682960]\n,[-116.010551, 33.682274]\n,[-116.007410, 33.681579]\n,[-116.005296, 33.681114]\n,[-115.997996, 33.679502]\n,[-115.997400, 33.679372]\n,[-115.996923, 33.679278]\n,[-115.996527, 33.679208]\n,[-115.996128, 33.679150]\n,[-115.995703, 33.679098]\n,[-115.995492, 33.679076]\n,[-115.995273, 33.679057]\n,[-115.994850, 33.679031]\n,[-115.994425, 33.679014]\n,[-115.993987, 33.679012]\n,[-115.993546, 33.679018]\n,[-115.992536, 33.679064]\n,[-115.986763, 33.679341]\n,[-115.983864, 33.679478]\n,[-115.977825, 33.679762]\n,[-115.976387, 33.679833]\n,[-115.975862, 33.679847]\n,[-115.975101, 33.679858]\n,[-115.974617, 33.679847]\n,[-115.974138, 33.679824]\n,[-115.973338, 33.679757]\n,[-115.972620, 33.679675]\n,[-115.971974, 33.679565]\n,[-115.969876, 33.679203]\n,[-115.969851, 33.679199]\n,[-115.965699, 33.678492]\n,[-115.961017, 33.677684]\n,[-115.956742, 33.676950]\n,[-115.950157, 33.675820]\n,[-115.949893, 33.675775]\n,[-115.945611, 33.675037]\n,[-115.945035, 33.674936]\n,[-115.941441, 33.674321]\n,[-115.941077, 33.674258]\n,[-115.939461, 33.673981]\n,[-115.930337, 33.672412]\n,[-115.930101, 33.672370]\n,[-115.929425, 33.672253]\n,[-115.921594, 33.670910]\n,[-115.919852, 33.670615]\n,[-115.917885, 33.670278]\n,[-115.917496, 33.670213]\n,[-115.915124, 33.669800]\n,[-115.914343, 33.669665]\n,[-115.910968, 33.669083]\n,[-115.910230, 33.668949]\n,[-115.901724, 33.667489]\n,[-115.893220, 33.666021]\n,[-115.892960, 33.665977]\n,[-115.890084, 33.665485]\n,[-115.889287, 33.665364]\n,[-115.888510, 33.665260]\n,[-115.887713, 33.665172]\n,[-115.886920, 33.665101]\n,[-115.886126, 33.665043]\n,[-115.879606, 33.664615]\n,[-115.876018, 33.664377]\n,[-115.869772, 33.663963]\n,[-115.863397, 33.663542]\n,[-115.857565, 33.663157]\n,[-115.848908, 33.662584]\n,[-115.845043, 33.662329]\n,[-115.839214, 33.661944]\n,[-115.830557, 33.661367]\n,[-115.821900, 33.660791]\n,[-115.820355, 33.660688]\n,[-115.813984, 33.660263]\n,[-115.811443, 33.660096]\n,[-115.810646, 33.660058]\n,[-115.809849, 33.660034]\n,[-115.809049, 33.660026]\n,[-115.807392, 33.660022]\n,[-115.806350, 33.660019]\n,[-115.805591, 33.660018]\n,[-115.799100, 33.660002]\n,[-115.797850, 33.659997]\n,[-115.797133, 33.659991]\n,[-115.796353, 33.659994]\n,[-115.792848, 33.659961]\n,[-115.785243, 33.659911]\n,[-115.781381, 33.659890]\n,[-115.766404, 33.659890]\n,[-115.762644, 33.659875]\n,[-115.754696, 33.659804]\n,[-115.752568, 33.659840]\n,[-115.748705, 33.659804]\n,[-115.741513, 33.659840]\n,[-115.737247, 33.659783]\n,[-115.727840, 33.659797]\n,[-115.725703, 33.659804]\n,[-115.722699, 33.659968]\n,[-115.720338, 33.660140]\n,[-115.717317, 33.660518]\n,[-115.713720, 33.661083]\n,[-115.710983, 33.661511]\n,[-115.684709, 33.665742]\n,[-115.682659, 33.665936]\n,[-115.657961, 33.667753]\n,[-115.650460, 33.668298]\n,[-115.639437, 33.669111]\n,[-115.639135, 33.669131]\n,[-115.623069, 33.670314]\n,[-115.622786, 33.670331]\n,[-115.606113, 33.671555]\n,[-115.605750, 33.671580]\n,[-115.593468, 33.672479]\n,[-115.593237, 33.672497]\n,[-115.583008, 33.673261]\n,[-115.580701, 33.673576]\n,[-115.574406, 33.674971]\n,[-115.573901, 33.675083]\n,[-115.569367, 33.676087]\n,[-115.568892, 33.676192]\n,[-115.565813, 33.676874]\n,[-115.565137, 33.677038]\n,[-115.560217, 33.678138]\n,[-115.545054, 33.681557]\n,[-115.544697, 33.681638]\n,[-115.539441, 33.682823]\n,[-115.539137, 33.682892]\n,[-115.531085, 33.684707]\n,[-115.530834, 33.684764]\n,[-115.523000, 33.686530]\n,[-115.522685, 33.686601]\n,[-115.480803, 33.696045]\n,[-115.464029, 33.699818]\n,[-115.463579, 33.699908]\n,[-115.463112, 33.699986]\n,[-115.462652, 33.700051]\n,[-115.462185, 33.700107]\n,[-115.461718, 33.700151]\n,[-115.461246, 33.700189]\n,[-115.460777, 33.700228]\n,[-115.460306, 33.700266]\n,[-115.459838, 33.700311]\n,[-115.459373, 33.700366]\n,[-115.458913, 33.700433]\n,[-115.458447, 33.700511]\n,[-115.457987, 33.700599]\n,[-115.455811, 33.701086]\n,[-115.452495, 33.701834]\n,[-115.452096, 33.701925]\n,[-115.449081, 33.702596]\n,[-115.416343, 33.709932]\n,[-115.414514, 33.710135]\n,[-115.404398, 33.710253]\n,[-115.400459, 33.710296]\n,[-115.400129, 33.710300]\n,[-115.396298, 33.710342]\n,[-115.381271, 33.710489]\n,[-115.379383, 33.710430]\n,[-115.308986, 33.701358]\n,[-115.307307, 33.700990]\n,[-115.247247, 33.683457]\n,[-115.243062, 33.682190]\n,[-115.241231, 33.681643]\n,[-115.239434, 33.680999]\n,[-115.113983, 33.643929]\n,[-115.083429, 33.636168]\n,[-115.081775, 33.635513]\n,[-115.080348, 33.634728]\n,[-115.079006, 33.633792]\n,[-115.077912, 33.632802]\n,[-115.076219, 33.631607]\n,[-115.074236, 33.630553]\n,[-115.071905, 33.629826]\n,[-115.035048, 33.620479]\n,[-114.994096, 33.608394]\n,[-114.985894, 33.606442]\n,[-114.983761, 33.606078]\n,[-114.981073, 33.605870]\n,[-114.978006, 33.605848]\n,[-114.927076, 33.605777]\n,[-114.925109, 33.605814]\n,[-114.909589, 33.607236]\n,[-114.906629, 33.607479]\n,[-114.901356, 33.607659]\n,[-114.896779, 33.607803]\n,[-114.842185, 33.609567]\n,[-114.801307, 33.609736]\n,[-114.789974, 33.609790]\n,[-114.778636, 33.609810]\n,[-114.777223, 33.609727]\n,[-114.773288, 33.608980]\n,[-114.770942, 33.608664]\n,[-114.770188, 33.608634]\n,[-114.769730, 33.608616]\n,[-114.769198, 33.608587]\n,[-114.731757, 33.609118]\n,[-114.726454, 33.609221]\n,[-114.724464, 33.609184]\n,[-114.722979, 33.609056]\n,[-114.721501, 33.608816]\n,[-114.720248, 33.608554]\n,[-114.718698, 33.608146]\n,[-114.715932, 33.607338]\n,[-114.714530, 33.607011]\n,[-114.713088, 33.606792]\n,[-114.711542, 33.606617]\n,[-114.710003, 33.606623]\n,[-114.696745, 33.606618]\n,[-114.696499, 33.606618]\n,[-114.668483, 33.606557]\n,[-114.668038, 33.606563]\n,[-114.665111, 33.606565]\n,[-114.662096, 33.606555]\n,[-114.653135, 33.606534]\n,[-114.619631, 33.606438]\n,[-114.610944, 33.606827]\n,[-114.608542, 33.606920]\n,[-114.605727, 33.606965]\n,[-114.605271, 33.606965]\n,[-114.601651, 33.606977]\n,[-114.600981, 33.606971]\n,[-114.599290, 33.606989]\n,[-114.597020, 33.607015]\n,[-114.596383, 33.607015]\n,[-114.592662, 33.607042]\n,[-114.591824, 33.607048]\n,[-114.588286, 33.607054]\n,[-114.587706, 33.607063]\n,[-114.584339, 33.607063]\n,[-114.575195, 33.607259]\n,[-114.570948, 33.607303]\n,[-114.570502, 33.607306]\n,[-114.566048, 33.607427]\n,[-114.546322, 33.607768]\n,[-114.545515, 33.607742]\n,[-114.544531, 33.607665]\n,[-114.543435, 33.607554]\n,[-114.541986, 33.607291]\n,[-114.539973, 33.606839]\n,[-114.534365, 33.605486]\n,[-114.532871, 33.605114]\n,[-114.531070, 33.604681]\n  ],  \"properties\": {\n    \"distance\": \"157.753443\",\n    \"description\": \"To enable simple instructions add: \'instructions=1\' as parameter to the URL\",\n    \"traveltime\": \"5195\"\n    }\n}\n'),(19,'110','ocean to 405',5,'12.20',8,'97.60','33.752082','-118.290932','33.857451','-118.284506','{\n  \"type\": \"LineString\",\n  \"crs\": {\n    \"type\": \"name\",\n    \"properties\": {\n      \"name\": \"urn:ogc:def:crs:OGC:1.3:CRS84\"\n    }\n  },\n  \"coordinates\":\n  [\n[-118.290970, 33.752078]\n,[-118.290976, 33.752117]\n,[-118.291030, 33.753262]\n,[-118.291058, 33.753727]\n,[-118.291065, 33.754298]\n,[-118.291055, 33.754561]\n,[-118.291011, 33.754987]\n,[-118.290973, 33.755260]\n,[-118.290912, 33.755595]\n,[-118.290777, 33.756103]\n,[-118.290533, 33.756840]\n,[-118.289812, 33.758252]\n,[-118.289237, 33.759080]\n,[-118.288212, 33.760144]\n,[-118.287967, 33.760379]\n,[-118.284920, 33.762462]\n,[-118.283409, 33.764104]\n,[-118.283152, 33.764517]\n,[-118.281569, 33.767870]\n,[-118.281423, 33.768179]\n,[-118.280928, 33.769141]\n,[-118.280233, 33.770625]\n,[-118.279967, 33.771324]\n,[-118.279874, 33.771683]\n,[-118.279795, 33.771981]\n,[-118.279675, 33.772815]\n,[-118.279675, 33.773515]\n,[-118.279778, 33.774595]\n,[-118.279790, 33.774766]\n,[-118.279853, 33.775400]\n,[-118.280110, 33.778903]\n,[-118.280124, 33.779114]\n,[-118.280242, 33.780435]\n,[-118.280353, 33.781234]\n,[-118.280689, 33.783342]\n,[-118.280764, 33.783710]\n,[-118.281049, 33.785878]\n,[-118.281083, 33.786092]\n,[-118.281108, 33.786244]\n,[-118.281495, 33.788888]\n,[-118.281607, 33.789509]\n,[-118.281887, 33.790366]\n,[-118.282036, 33.790750]\n,[-118.282290, 33.791357]\n,[-118.282645, 33.792106]\n,[-118.282808, 33.792412]\n,[-118.284204, 33.794514]\n,[-118.285416, 33.796333]\n,[-118.285952, 33.796986]\n,[-118.286544, 33.797593]\n,[-118.286853, 33.797899]\n,[-118.287334, 33.798391]\n,[-118.287497, 33.798577]\n,[-118.287686, 33.798819]\n,[-118.287952, 33.799183]\n,[-118.288115, 33.799468]\n,[-118.288244, 33.799732]\n,[-118.288381, 33.800011]\n,[-118.288527, 33.800346]\n,[-118.288621, 33.800638]\n,[-118.288707, 33.800981]\n,[-118.288793, 33.801344]\n,[-118.288836, 33.801622]\n,[-118.288862, 33.801951]\n,[-118.288870, 33.802286]\n,[-118.288862, 33.802649]\n,[-118.288827, 33.802985]\n,[-118.288767, 33.803348]\n,[-118.288690, 33.803691]\n,[-118.288604, 33.804069]\n,[-118.288518, 33.804461]\n,[-118.288415, 33.804903]\n,[-118.288312, 33.805317]\n,[-118.288166, 33.805944]\n,[-118.288029, 33.806558]\n,[-118.287737, 33.807834]\n,[-118.287514, 33.808840]\n,[-118.287454, 33.809140]\n,[-118.287360, 33.809724]\n,[-118.287300, 33.810202]\n,[-118.287265, 33.810573]\n,[-118.287240, 33.811058]\n,[-118.287231, 33.811821]\n,[-118.287240, 33.813311]\n,[-118.287269, 33.815633]\n,[-118.287237, 33.823834]\n,[-118.287227, 33.830961]\n,[-118.287213, 33.836374]\n,[-118.287198, 33.836819]\n,[-118.287096, 33.837505]\n,[-118.286001, 33.841956]\n,[-118.285940, 33.842218]\n,[-118.285127, 33.845520]\n,[-118.285028, 33.846062]\n,[-118.284977, 33.846401]\n,[-118.284870, 33.847326]\n,[-118.284774, 33.848960]\n,[-118.284828, 33.851816]\n,[-118.284785, 33.853156]\n,[-118.284640, 33.855977]\n,[-118.284543, 33.857453]\n  ],  \"properties\": {\n    \"distance\": \"12.230325\",\n    \"description\": \"To enable simple instructions add: \'instructions=1\' as parameter to the URL\",\n    \"traveltime\": \"422\"\n    }\n}\n'),(20,'110','405 to 105',3,'8.00',10,'80.00','33.857451','-118.284506','33.928021','-118.280514','{\n  \"type\": \"LineString\",\n  \"crs\": {\n    \"type\": \"name\",\n    \"properties\": {\n      \"name\": \"urn:ogc:def:crs:OGC:1.3:CRS84\"\n    }\n  },\n  \"coordinates\":\n  [\n[-118.284543, 33.857453]\n,[-118.284506, 33.858033]\n,[-118.284482, 33.858892]\n,[-118.284492, 33.859174]\n,[-118.284564, 33.859920]\n,[-118.284781, 33.861213]\n,[-118.284826, 33.861573]\n,[-118.284876, 33.861911]\n,[-118.284919, 33.862484]\n,[-118.284912, 33.862828]\n,[-118.284955, 33.863593]\n,[-118.284835, 33.864462]\n,[-118.284810, 33.865486]\n,[-118.284844, 33.868153]\n,[-118.284845, 33.869573]\n,[-118.284850, 33.870052]\n,[-118.284846, 33.870232]\n,[-118.284815, 33.872555]\n,[-118.284815, 33.873026]\n,[-118.284815, 33.873079]\n,[-118.284849, 33.875669]\n,[-118.284763, 33.879133]\n,[-118.284762, 33.879208]\n,[-118.284759, 33.879466]\n,[-118.284742, 33.880811]\n,[-118.284756, 33.881670]\n,[-118.284765, 33.881899]\n,[-118.284835, 33.882656]\n,[-118.285224, 33.885035]\n,[-118.285259, 33.885251]\n,[-118.285276, 33.885536]\n,[-118.285414, 33.889150]\n,[-118.285544, 33.892496]\n,[-118.285552, 33.892803]\n,[-118.285630, 33.893833]\n,[-118.285725, 33.894919]\n,[-118.285862, 33.895689]\n,[-118.286176, 33.897045]\n,[-118.286311, 33.897636]\n,[-118.286365, 33.898381]\n,[-118.286323, 33.901605]\n,[-118.286382, 33.902695]\n,[-118.286432, 33.905873]\n,[-118.286439, 33.907040]\n,[-118.286441, 33.912787]\n,[-118.286352, 33.914568]\n,[-118.286039, 33.915566]\n,[-118.285521, 33.916697]\n,[-118.285215, 33.917241]\n,[-118.284617, 33.918203]\n,[-118.284081, 33.918837]\n,[-118.282879, 33.920063]\n,[-118.282261, 33.920743]\n,[-118.281802, 33.921390]\n,[-118.281673, 33.921610]\n,[-118.281544, 33.921852]\n,[-118.281433, 33.922102]\n,[-118.281347, 33.922337]\n,[-118.281278, 33.922579]\n,[-118.281227, 33.922864]\n,[-118.281167, 33.923227]\n,[-118.281043, 33.924309]\n,[-118.280923, 33.925498]\n,[-118.280829, 33.926239]\n,[-118.280726, 33.926844]\n,[-118.280623, 33.927471]\n,[-118.280521, 33.928022]\n  ],  \"properties\": {\n    \"distance\": \"7.975448\",\n    \"description\": \"To enable simple instructions add: \'instructions=1\' as parameter to the URL\",\n    \"traveltime\": \"292\"\n    }\n}\n'),(21,'110','105 to 10',2,'12.30',14,'172.20','33.928021','-118.280514','34.037657','-118.273975','{\n  \"type\": \"LineString\",\n  \"crs\": {\n    \"type\": \"name\",\n    \"properties\": {\n      \"name\": \"urn:ogc:def:crs:OGC:1.3:CRS84\"\n    }\n  },\n  \"coordinates\":\n  [\n[-118.280521, 33.928022]\n,[-118.280459, 33.928354]\n,[-118.280236, 33.929579]\n,[-118.280133, 33.930298]\n,[-118.280099, 33.930726]\n,[-118.280056, 33.931331]\n,[-118.280005, 33.932364]\n,[-118.279958, 33.932979]\n,[-118.279799, 33.935077]\n,[-118.279643, 33.937045]\n,[-118.279660, 33.938148]\n,[-118.279663, 33.938383]\n,[-118.279687, 33.939646]\n,[-118.279688, 33.940900]\n,[-118.279702, 33.941824]\n,[-118.279703, 33.941993]\n,[-118.279717, 33.943263]\n,[-118.279708, 33.943743]\n,[-118.279654, 33.944516]\n,[-118.279565, 33.945376]\n,[-118.279529, 33.945695]\n,[-118.279393, 33.946792]\n,[-118.279360, 33.947130]\n,[-118.279339, 33.947589]\n,[-118.279360, 33.948145]\n,[-118.279414, 33.948532]\n,[-118.279494, 33.949017]\n,[-118.279586, 33.949436]\n,[-118.279888, 33.950979]\n,[-118.280185, 33.952511]\n,[-118.280322, 33.953166]\n,[-118.280532, 33.953873]\n,[-118.280676, 33.954626]\n,[-118.280719, 33.955104]\n,[-118.280740, 33.955908]\n,[-118.280708, 33.956652]\n,[-118.280706, 33.956814]\n,[-118.280674, 33.958227]\n,[-118.280666, 33.958755]\n,[-118.280662, 33.958972]\n,[-118.280660, 33.959270]\n,[-118.280655, 33.959855]\n,[-118.280652, 33.960305]\n,[-118.280651, 33.960506]\n,[-118.280656, 33.961051]\n,[-118.280657, 33.961186]\n,[-118.280665, 33.961770]\n,[-118.280681, 33.962594]\n,[-118.280686, 33.963071]\n,[-118.280689, 33.963311]\n,[-118.280719, 33.963898]\n,[-118.280758, 33.964445]\n,[-118.280765, 33.964540]\n,[-118.280767, 33.967118]\n,[-118.280766, 33.967747]\n,[-118.280766, 33.967993]\n,[-118.280765, 33.968468]\n,[-118.280768, 33.970600]\n,[-118.280765, 33.970995]\n,[-118.280749, 33.972764]\n,[-118.280765, 33.974432]\n,[-118.280757, 33.974901]\n,[-118.280739, 33.977152]\n,[-118.280759, 33.978790]\n,[-118.280757, 33.979188]\n,[-118.280753, 33.980175]\n,[-118.280651, 33.981724]\n,[-118.280590, 33.982223]\n,[-118.280554, 33.982512]\n,[-118.280500, 33.982960]\n,[-118.280433, 33.984308]\n,[-118.280438, 33.985246]\n,[-118.280402, 33.985892]\n,[-118.280392, 33.986074]\n,[-118.280367, 33.986515]\n,[-118.280346, 33.987604]\n,[-118.280346, 33.987853]\n,[-118.280345, 33.988925]\n,[-118.280353, 33.989451]\n,[-118.280344, 33.990463]\n,[-118.280410, 33.991919]\n,[-118.280464, 33.992425]\n,[-118.280447, 33.994161]\n,[-118.280538, 33.995827]\n,[-118.280668, 33.997900]\n,[-118.280976, 34.001508]\n,[-118.281030, 34.002290]\n,[-118.280968, 34.008793]\n,[-118.280958, 34.009470]\n,[-118.280952, 34.010909]\n,[-118.280907, 34.011216]\n,[-118.280860, 34.011846]\n,[-118.280853, 34.012897]\n,[-118.280848, 34.013296]\n,[-118.280813, 34.013632]\n,[-118.280800, 34.013926]\n,[-118.280756, 34.014593]\n,[-118.280683, 34.015029]\n,[-118.280595, 34.015465]\n,[-118.280477, 34.015880]\n,[-118.280297, 34.016421]\n,[-118.280006, 34.017190]\n,[-118.279662, 34.017915]\n,[-118.279319, 34.018660]\n,[-118.278812, 34.019546]\n,[-118.277774, 34.021198]\n,[-118.277355, 34.021812]\n,[-118.276567, 34.023398]\n,[-118.276212, 34.024148]\n,[-118.275868, 34.024780]\n,[-118.275379, 34.025634]\n,[-118.275043, 34.026180]\n,[-118.274732, 34.026753]\n,[-118.274394, 34.027549]\n,[-118.274307, 34.028317]\n,[-118.274276, 34.028772]\n,[-118.274292, 34.029225]\n,[-118.274438, 34.031067]\n,[-118.274470, 34.032055]\n,[-118.274496, 34.032532]\n,[-118.274506, 34.033285]\n,[-118.274500, 34.033891]\n,[-118.274375, 34.035248]\n,[-118.274341, 34.035574]\n,[-118.274041, 34.037098]\n,[-118.273955, 34.037655]\n  ],  \"properties\": {\n    \"distance\": \"12.308181\",\n    \"description\": \"To enable simple instructions add: \'instructions=1\' as parameter to the URL\",\n    \"traveltime\": \"437\"\n    }\n}\n'),(22,'10','101 to 5',2,'3.20',6,'19.20','34.062831','-118.248419','34.081645','-118.224011','{\n  \"type\": \"LineString\",\n  \"crs\": {\n    \"type\": \"name\",\n    \"properties\": {\n      \"name\": \"urn:ogc:def:crs:OGC:1.3:CRS84\"\n    }\n  },\n  \"coordinates\":\n  [\n[-118.248457, 34.062861]\n,[-118.248287, 34.063011]\n,[-118.247683, 34.063543]\n,[-118.247531, 34.063674]\n,[-118.247352, 34.063818]\n,[-118.247180, 34.063948]\n,[-118.246993, 34.064072]\n,[-118.246822, 34.064176]\n,[-118.246657, 34.064271]\n,[-118.246493, 34.064354]\n,[-118.246319, 34.064435]\n,[-118.246132, 34.064514]\n,[-118.245925, 34.064590]\n,[-118.245709, 34.064660]\n,[-118.245494, 34.064723]\n,[-118.245289, 34.064777]\n,[-118.245074, 34.064827]\n,[-118.244265, 34.064998]\n,[-118.243989, 34.065057]\n,[-118.243733, 34.065124]\n,[-118.243490, 34.065201]\n,[-118.243243, 34.065291]\n,[-118.243004, 34.065390]\n,[-118.242765, 34.065502]\n,[-118.242526, 34.065621]\n,[-118.241706, 34.066030]\n,[-118.238232, 34.067768]\n,[-118.237966, 34.067899]\n,[-118.237721, 34.068035]\n,[-118.237196, 34.068358]\n,[-118.236957, 34.068514]\n,[-118.236750, 34.068643]\n,[-118.236521, 34.068791]\n,[-118.236133, 34.069063]\n,[-118.235796, 34.069341]\n,[-118.235669, 34.069518]\n,[-118.235515, 34.069756]\n,[-118.235386, 34.070009]\n,[-118.235291, 34.070265]\n,[-118.235227, 34.070526]\n,[-118.235086, 34.071096]\n,[-118.234960, 34.071548]\n,[-118.234796, 34.071954]\n,[-118.234563, 34.072346]\n,[-118.234297, 34.072704]\n,[-118.233984, 34.073054]\n,[-118.232454, 34.074687]\n,[-118.232315, 34.074821]\n,[-118.231369, 34.075732]\n,[-118.230261, 34.076638]\n,[-118.229676, 34.077135]\n,[-118.229363, 34.077388]\n,[-118.228485, 34.078111]\n,[-118.227534, 34.078881]\n,[-118.227195, 34.079173]\n,[-118.225916, 34.080268]\n,[-118.225088, 34.080955]\n,[-118.225047, 34.080989]\n,[-118.224006, 34.081640]\n  ],  \"properties\": {\n    \"distance\": \"3.171159\",\n    \"description\": \"To enable simple instructions add: \'instructions=1\' as parameter to the URL\",\n    \"traveltime\": \"145\"\n    }\n}\n'),(23,'110','5 to end',3,'9.90',4,'39.60','34.081645','-118.224011','34.127373','-118.147134','{\n  \"type\": \"LineString\",\n  \"crs\": {\n    \"type\": \"name\",\n    \"properties\": {\n      \"name\": \"urn:ogc:def:crs:OGC:1.3:CRS84\"\n    }\n  },\n  \"coordinates\":\n  [\n[-118.224006, 34.081640]\n,[-118.223980, 34.081656]\n,[-118.222520, 34.082644]\n,[-118.221781, 34.083209]\n,[-118.221549, 34.083370]\n,[-118.221187, 34.083595]\n,[-118.220097, 34.084285]\n,[-118.219478, 34.084647]\n,[-118.219043, 34.084859]\n,[-118.218734, 34.084984]\n,[-118.218109, 34.085218]\n,[-118.215513, 34.085956]\n,[-118.214563, 34.086209]\n,[-118.213953, 34.086310]\n,[-118.212919, 34.086400]\n,[-118.212585, 34.086435]\n,[-118.212160, 34.086488]\n,[-118.211708, 34.086606]\n,[-118.211448, 34.086699]\n,[-118.211147, 34.086820]\n,[-118.210769, 34.087031]\n,[-118.210421, 34.087272]\n,[-118.209302, 34.088220]\n,[-118.208633, 34.088782]\n,[-118.208332, 34.089059]\n,[-118.207748, 34.089720]\n,[-118.207534, 34.090004]\n,[-118.206976, 34.090900]\n,[-118.206564, 34.091561]\n,[-118.206452, 34.091774]\n,[-118.206367, 34.091978]\n,[-118.206294, 34.092175]\n,[-118.206218, 34.092566]\n,[-118.206195, 34.093037]\n,[-118.206203, 34.093634]\n,[-118.206152, 34.093985]\n,[-118.206092, 34.094184]\n,[-118.206015, 34.094390]\n,[-118.205912, 34.094596]\n,[-118.205766, 34.094823]\n,[-118.205053, 34.095925]\n,[-118.203448, 34.098342]\n,[-118.203079, 34.098889]\n,[-118.202951, 34.099060]\n,[-118.202813, 34.099216]\n,[-118.202479, 34.099536]\n,[-118.200522, 34.101327]\n,[-118.200324, 34.101483]\n,[-118.200135, 34.101611]\n,[-118.199895, 34.101753]\n,[-118.199560, 34.101909]\n,[-118.197955, 34.102556]\n,[-118.197689, 34.102663]\n,[-118.197389, 34.102762]\n,[-118.197114, 34.102840]\n,[-118.196840, 34.102883]\n,[-118.196496, 34.102904]\n,[-118.196136, 34.102890]\n,[-118.195363, 34.102840]\n,[-118.194604, 34.102790]\n,[-118.194290, 34.102769]\n,[-118.193947, 34.102762]\n,[-118.193629, 34.102784]\n,[-118.193338, 34.102812]\n,[-118.193029, 34.102869]\n,[-118.192788, 34.102933]\n,[-118.192565, 34.103004]\n,[-118.192325, 34.103104]\n,[-118.192127, 34.103196]\n,[-118.191836, 34.103359]\n,[-118.191147, 34.103861]\n,[-118.190864, 34.104067]\n,[-118.189573, 34.105008]\n,[-118.187080, 34.106778]\n,[-118.186531, 34.107254]\n,[-118.186166, 34.107592]\n,[-118.185999, 34.107747]\n,[-118.185476, 34.108226]\n,[-118.185373, 34.108341]\n,[-118.185261, 34.108469]\n,[-118.185199, 34.108550]\n,[-118.185158, 34.108604]\n,[-118.185055, 34.108768]\n,[-118.184978, 34.108938]\n,[-118.184892, 34.109151]\n,[-118.184859, 34.109336]\n,[-118.184776, 34.109848]\n,[-118.184687, 34.110175]\n,[-118.184615, 34.110381]\n,[-118.184514, 34.110587]\n,[-118.184394, 34.110772]\n,[-118.184265, 34.110935]\n,[-118.184035, 34.111128]\n,[-118.183711, 34.111309]\n,[-118.183473, 34.111387]\n,[-118.183196, 34.111440]\n,[-118.182944, 34.111462]\n,[-118.182716, 34.111454]\n,[-118.182515, 34.111427]\n,[-118.182309, 34.111385]\n,[-118.181828, 34.111245]\n,[-118.181541, 34.111163]\n,[-118.181273, 34.111111]\n,[-118.181005, 34.111087]\n,[-118.180756, 34.111091]\n,[-118.180498, 34.111114]\n,[-118.180220, 34.111162]\n,[-118.180031, 34.111212]\n,[-118.179783, 34.111290]\n,[-118.179536, 34.111383]\n,[-118.178600, 34.111809]\n,[-118.178369, 34.111937]\n,[-118.178146, 34.112079]\n,[-118.176935, 34.112925]\n,[-118.176669, 34.113088]\n,[-118.176455, 34.113216]\n,[-118.176223, 34.113316]\n,[-118.176017, 34.113394]\n,[-118.175768, 34.113472]\n,[-118.174566, 34.113849]\n,[-118.174189, 34.113991]\n,[-118.173622, 34.114268]\n,[-118.173348, 34.114453]\n,[-118.170940, 34.116294]\n,[-118.169892, 34.117089]\n,[-118.169677, 34.117245]\n,[-118.169454, 34.117380]\n,[-118.169274, 34.117473]\n,[-118.169085, 34.117551]\n,[-118.168922, 34.117608]\n,[-118.168716, 34.117665]\n,[-118.167369, 34.117949]\n,[-118.165884, 34.118283]\n,[-118.163296, 34.118847]\n,[-118.162767, 34.118976]\n,[-118.162442, 34.119036]\n,[-118.162107, 34.119100]\n,[-118.161790, 34.119150]\n,[-118.161549, 34.119178]\n,[-118.161283, 34.119192]\n,[-118.160957, 34.119192]\n,[-118.160657, 34.119178]\n,[-118.160193, 34.119143]\n,[-118.159326, 34.119057]\n,[-118.158880, 34.119022]\n,[-118.158442, 34.119008]\n,[-118.158125, 34.119008]\n,[-118.157234, 34.119022]\n,[-118.156948, 34.119026]\n,[-118.152971, 34.119087]\n,[-118.152443, 34.119092]\n,[-118.150494, 34.119136]\n,[-118.150123, 34.119146]\n,[-118.149722, 34.119157]\n,[-118.149576, 34.119164]\n,[-118.149387, 34.119178]\n,[-118.149190, 34.119199]\n,[-118.149009, 34.119221]\n,[-118.148812, 34.119249]\n,[-118.148649, 34.119285]\n,[-118.148477, 34.119327]\n,[-118.148306, 34.119377]\n,[-118.148151, 34.119434]\n,[-118.147997, 34.119491]\n,[-118.147859, 34.119555]\n,[-118.147688, 34.119633]\n,[-118.147533, 34.119711]\n,[-118.147422, 34.119782]\n,[-118.147284, 34.119874]\n,[-118.147147, 34.119967]\n,[-118.147018, 34.120066]\n,[-118.146855, 34.120208]\n,[-118.146718, 34.120336]\n,[-118.146606, 34.120464]\n,[-118.146495, 34.120613]\n,[-118.146383, 34.120770]\n,[-118.146280, 34.120919]\n,[-118.146194, 34.121075]\n,[-118.146100, 34.121296]\n,[-118.146031, 34.121466]\n,[-118.145988, 34.121615]\n,[-118.145945, 34.121793]\n,[-118.145920, 34.121942]\n,[-118.145902, 34.122106]\n,[-118.145894, 34.122269]\n,[-118.145894, 34.122518]\n,[-118.145902, 34.122795]\n,[-118.145928, 34.123107]\n,[-118.145954, 34.123313]\n,[-118.146005, 34.123633]\n,[-118.146065, 34.123910]\n,[-118.146134, 34.124173]\n,[-118.146229, 34.124465]\n,[-118.146314, 34.124720]\n,[-118.146400, 34.124941]\n,[-118.146503, 34.125196]\n,[-118.146786, 34.125843]\n,[-118.146975, 34.126284]\n,[-118.147027, 34.126447]\n,[-118.147081, 34.126642]\n,[-118.147126, 34.126843]\n,[-118.147143, 34.126973]\n,[-118.147165, 34.127143]\n,[-118.147188, 34.127290]\n,[-118.147206, 34.127360]\n  ],  \"properties\": {\n    \"distance\": \"9.862433\",\n    \"description\": \"To enable simple instructions add: \'instructions=1\' as parameter to the URL\",\n    \"traveltime\": \"418\"\n    }\n}\n'),(24,'105','LAX to 405',2,'3.30',6,'19.80','33.931297','-118.403832','33.929801','-118.368877','{\n  \"type\": \"LineString\",\n  \"crs\": {\n    \"type\": \"name\",\n    \"properties\": {\n      \"name\": \"urn:ogc:def:crs:OGC:1.3:CRS84\"\n    }\n  },\n  \"coordinates\":\n  [\n[-118.403832, 33.931329]\n,[-118.403263, 33.931325]\n,[-118.403022, 33.931315]\n,[-118.402832, 33.931302]\n,[-118.402587, 33.931283]\n,[-118.402336, 33.931272]\n,[-118.401418, 33.931255]\n,[-118.401101, 33.931243]\n,[-118.400742, 33.931224]\n,[-118.400220, 33.931182]\n,[-118.398194, 33.931047]\n,[-118.396213, 33.930871]\n,[-118.396042, 33.930863]\n,[-118.395850, 33.930857]\n,[-118.394169, 33.930845]\n,[-118.391800, 33.930862]\n,[-118.391541, 33.930863]\n,[-118.390595, 33.930847]\n,[-118.387682, 33.930854]\n,[-118.387517, 33.930853]\n,[-118.385355, 33.930847]\n,[-118.383154, 33.930867]\n,[-118.380795, 33.930892]\n,[-118.378719, 33.930803]\n,[-118.378432, 33.930785]\n,[-118.376602, 33.930809]\n,[-118.375349, 33.930836]\n,[-118.375113, 33.930883]\n,[-118.375158, 33.930607]\n,[-118.375150, 33.930437]\n,[-118.375124, 33.930315]\n,[-118.375064, 33.930166]\n,[-118.374918, 33.930023]\n,[-118.374772, 33.929931]\n,[-118.374575, 33.929853]\n,[-118.374309, 33.929753]\n,[-118.374034, 33.929689]\n,[-118.373785, 33.929646]\n,[-118.373433, 33.929611]\n,[-118.373004, 33.929603]\n,[-118.370991, 33.929661]\n,[-118.369620, 33.929744]\n,[-118.368933, 33.929793]\n,[-118.368877, 33.929801]\n  ],  \"properties\": {\n    \"distance\": \"3.332736\",\n    \"description\": \"To enable simple instructions add: \'instructions=1\' as parameter to the URL\",\n    \"traveltime\": \"221\"\n    }\n}\n'),(25,'105','405 to 110',2,'8.40',10,'84.00','33.929801','-118.368877','33.928480','-118.281968','{\n  \"type\": \"LineString\",\n  \"crs\": {\n    \"type\": \"name\",\n    \"properties\": {\n      \"name\": \"urn:ogc:def:crs:OGC:1.3:CRS84\"\n    }\n  },\n  \"coordinates\":\n  [\n[-118.368877, 33.929801]\n,[-118.368306, 33.929879]\n,[-118.366610, 33.930204]\n,[-118.365192, 33.930596]\n,[-118.362705, 33.931380]\n,[-118.362382, 33.931481]\n,[-118.361561, 33.931739]\n,[-118.361020, 33.931906]\n,[-118.358689, 33.932543]\n,[-118.356872, 33.933079]\n,[-118.356248, 33.933258]\n,[-118.355559, 33.933377]\n,[-118.354746, 33.933464]\n,[-118.354048, 33.933480]\n,[-118.353476, 33.933471]\n,[-118.353003, 33.933429]\n,[-118.351882, 33.933291]\n,[-118.349659, 33.932725]\n,[-118.347849, 33.932069]\n,[-118.346529, 33.931452]\n,[-118.344755, 33.930388]\n,[-118.341229, 33.927870]\n,[-118.339519, 33.926649]\n,[-118.338807, 33.926200]\n,[-118.338086, 33.925837]\n,[-118.337331, 33.925509]\n,[-118.336644, 33.925267]\n,[-118.335897, 33.925046]\n,[-118.335326, 33.924894]\n,[-118.334902, 33.924819]\n,[-118.334318, 33.924726]\n,[-118.333692, 33.924676]\n,[-118.333151, 33.924669]\n,[-118.332404, 33.924690]\n,[-118.331640, 33.924726]\n,[-118.327057, 33.924989]\n,[-118.326010, 33.925054]\n,[-118.322954, 33.925239]\n,[-118.322199, 33.925289]\n,[-118.321435, 33.925310]\n,[-118.319984, 33.925324]\n,[-118.313744, 33.925253]\n,[-118.312749, 33.925253]\n,[-118.311564, 33.925267]\n,[-118.310552, 33.925317]\n,[-118.309685, 33.925388]\n,[-118.308638, 33.925516]\n,[-118.303393, 33.926603]\n,[-118.297842, 33.927838]\n,[-118.296804, 33.928087]\n,[-118.296116, 33.928106]\n,[-118.294186, 33.928158]\n,[-118.293165, 33.928123]\n,[-118.292316, 33.928095]\n,[-118.291949, 33.928097]\n,[-118.291596, 33.928092]\n,[-118.286964, 33.928080]\n,[-118.286528, 33.928112]\n,[-118.285703, 33.928176]\n,[-118.284562, 33.928271]\n,[-118.283869, 33.928336]\n,[-118.283448, 33.928372]\n,[-118.283002, 33.928408]\n,[-118.281967, 33.928464]\n  ],  \"properties\": {\n    \"distance\": \"8.430441\",\n    \"description\": \"To enable simple instructions add: \'instructions=1\' as parameter to the URL\",\n    \"traveltime\": \"348\"\n    }\n}\n'),(26,'105','110 to 710',2,'9.80',8,'78.40','33.928480','-118.281968','33.912891','-118.180742','{\n  \"type\": \"LineString\",\n  \"crs\": {\n    \"type\": \"name\",\n    \"properties\": {\n      \"name\": \"urn:ogc:def:crs:OGC:1.3:CRS84\"\n    }\n  },\n  \"coordinates\":\n  [\n[-118.281967, 33.928464]\n,[-118.280770, 33.928529]\n,[-118.279615, 33.928520]\n,[-118.279002, 33.928507]\n,[-118.278462, 33.928486]\n,[-118.277792, 33.928450]\n,[-118.277217, 33.928401]\n,[-118.276668, 33.928343]\n,[-118.275981, 33.928251]\n,[-118.275372, 33.928166]\n,[-118.274814, 33.928066]\n,[-118.274299, 33.927973]\n,[-118.273423, 33.927781]\n,[-118.273011, 33.927696]\n,[-118.272445, 33.927582]\n,[-118.271939, 33.927489]\n,[-118.271398, 33.927418]\n,[-118.270961, 33.927379]\n,[-118.270455, 33.927344]\n,[-118.269882, 33.927316]\n,[-118.269754, 33.927315]\n,[-118.269236, 33.927315]\n,[-118.265540, 33.927310]\n,[-118.264862, 33.927311]\n,[-118.262326, 33.927306]\n,[-118.261903, 33.927305]\n,[-118.261405, 33.927305]\n,[-118.259929, 33.927319]\n,[-118.258891, 33.927362]\n,[-118.257904, 33.927447]\n,[-118.256865, 33.927569]\n,[-118.255904, 33.927697]\n,[-118.254651, 33.927868]\n,[-118.253449, 33.928024]\n,[-118.252350, 33.928167]\n,[-118.251526, 33.928274]\n,[-118.250411, 33.928430]\n,[-118.249630, 33.928523]\n,[-118.249007, 33.928577]\n,[-118.248289, 33.928599]\n,[-118.247887, 33.928615]\n,[-118.247158, 33.928615]\n,[-118.246565, 33.928594]\n,[-118.245896, 33.928558]\n,[-118.244720, 33.928480]\n,[-118.239677, 33.928207]\n,[-118.238321, 33.928121]\n,[-118.236838, 33.928001]\n,[-118.234810, 33.927886]\n,[-118.234159, 33.927854]\n,[-118.233507, 33.927839]\n,[-118.232862, 33.927851]\n,[-118.232072, 33.927915]\n,[-118.231523, 33.928000]\n,[-118.231190, 33.928062]\n,[-118.230354, 33.928227]\n,[-118.229612, 33.928420]\n,[-118.228706, 33.928655]\n,[-118.228140, 33.928804]\n,[-118.227201, 33.929046]\n,[-118.226409, 33.929256]\n,[-118.225894, 33.929356]\n,[-118.225370, 33.929434]\n,[-118.224743, 33.929499]\n,[-118.224220, 33.929534]\n,[-118.223671, 33.929541]\n,[-118.223199, 33.929527]\n,[-118.222675, 33.929499]\n,[-118.222254, 33.929463]\n,[-118.221688, 33.929392]\n,[-118.220984, 33.929271]\n,[-118.220375, 33.929135]\n,[-118.220182, 33.929079]\n,[-118.219830, 33.928977]\n,[-118.219714, 33.928943]\n,[-118.218976, 33.928680]\n,[-118.218478, 33.928480]\n,[-118.217946, 33.928252]\n,[-118.217413, 33.928017]\n,[-118.216873, 33.927782]\n,[-118.214658, 33.926785]\n,[-118.211840, 33.925568]\n,[-118.210827, 33.925119]\n,[-118.208981, 33.924318]\n,[-118.205857, 33.922962]\n,[-118.204947, 33.922565]\n,[-118.204380, 33.922317]\n,[-118.202506, 33.921436]\n,[-118.201962, 33.921242]\n,[-118.200772, 33.920727]\n,[-118.199708, 33.920242]\n,[-118.198700, 33.919784]\n,[-118.198153, 33.919553]\n,[-118.197674, 33.919351]\n,[-118.196070, 33.918646]\n,[-118.194660, 33.918011]\n,[-118.194395, 33.917892]\n,[-118.193804, 33.917642]\n,[-118.192421, 33.917029]\n,[-118.191275, 33.916550]\n,[-118.190214, 33.916142]\n,[-118.189913, 33.916036]\n,[-118.189453, 33.915874]\n,[-118.189301, 33.915820]\n,[-118.187351, 33.915157]\n,[-118.185824, 33.914637]\n,[-118.184673, 33.914245]\n,[-118.184235, 33.914096]\n,[-118.183377, 33.913804]\n,[-118.180965, 33.912988]\n,[-118.180733, 33.912909]\n  ],  \"properties\": {\n    \"distance\": \"9.839226\",\n    \"description\": \"To enable simple instructions add: \'instructions=1\' as parameter to the URL\",\n    \"traveltime\": \"348\"\n    }\n}\n'),(27,'105','710 to 605',2,'7.60',9,'68.40','33.912891','-118.180742','33.914254','-118.099492','{\n  \"type\": \"LineString\",\n  \"crs\": {\n    \"type\": \"name\",\n    \"properties\": {\n      \"name\": \"urn:ogc:def:crs:OGC:1.3:CRS84\"\n    }\n  },\n  \"coordinates\":\n  [\n[-118.180733, 33.912909]\n,[-118.179902, 33.912628]\n,[-118.179335, 33.912436]\n,[-118.178759, 33.912240]\n,[-118.177194, 33.911718]\n,[-118.176126, 33.911413]\n,[-118.175274, 33.911233]\n,[-118.174456, 33.911102]\n,[-118.173501, 33.911009]\n,[-118.172591, 33.910966]\n,[-118.171006, 33.910944]\n,[-118.169231, 33.910984]\n,[-118.168273, 33.911023]\n,[-118.166963, 33.911123]\n,[-118.165744, 33.911237]\n,[-118.163967, 33.911387]\n,[-118.161297, 33.911650]\n,[-118.158636, 33.911892]\n,[-118.155847, 33.912149]\n,[-118.153357, 33.912377]\n,[-118.152055, 33.912498]\n,[-118.148541, 33.912768]\n,[-118.147069, 33.912827]\n,[-118.145535, 33.912889]\n,[-118.142114, 33.912932]\n,[-118.138089, 33.912946]\n,[-118.136177, 33.912948]\n,[-118.133748, 33.912952]\n,[-118.133079, 33.912950]\n,[-118.129351, 33.912953]\n,[-118.128250, 33.912967]\n,[-118.126634, 33.913003]\n,[-118.125542, 33.913046]\n,[-118.124011, 33.913110]\n,[-118.123012, 33.913174]\n,[-118.120067, 33.913395]\n,[-118.119295, 33.913437]\n,[-118.117137, 33.913602]\n,[-118.115732, 33.913655]\n,[-118.113493, 33.913719]\n,[-118.112572, 33.913737]\n,[-118.111577, 33.913751]\n,[-118.110212, 33.913766]\n,[-118.107886, 33.913773]\n,[-118.106341, 33.913787]\n,[-118.105938, 33.913801]\n,[-118.105354, 33.913844]\n,[-118.104461, 33.913965]\n,[-118.103586, 33.914072]\n,[-118.102659, 33.914172]\n,[-118.102058, 33.914229]\n,[-118.101672, 33.914257]\n,[-118.101318, 33.914259]\n,[-118.100801, 33.914241]\n,[-118.099492, 33.914232]\n  ],  \"properties\": {\n    \"distance\": \"7.568497\",\n    \"description\": \"To enable simple instructions add: \'instructions=1\' as parameter to the URL\",\n    \"traveltime\": \"263\"\n    }\n}\n'),(28,'60','710 to 605',3,'21.30',10,'213.00','34.035419','-118.170659','34.033752','-118.027011','{\n  \"type\": \"LineString\",\n  \"crs\": {\n    \"type\": \"name\",\n    \"properties\": {\n      \"name\": \"urn:ogc:def:crs:OGC:1.3:CRS84\"\n    }\n  },\n  \"coordinates\":\n  [\n[-118.170663, 34.035435]\n,[-118.170384, 34.035479]\n,[-118.169759, 34.035576]\n,[-118.169425, 34.035628]\n,[-118.168883, 34.035711]\n,[-118.165835, 34.036207]\n,[-118.164761, 34.036348]\n,[-118.163959, 34.036402]\n,[-118.162956, 34.036442]\n,[-118.160169, 34.036478]\n,[-118.159155, 34.036488]\n,[-118.157127, 34.036523]\n,[-118.156503, 34.036525]\n,[-118.156031, 34.036526]\n,[-118.155647, 34.036510]\n,[-118.155004, 34.036469]\n,[-118.153799, 34.036305]\n,[-118.153074, 34.036162]\n,[-118.152551, 34.036040]\n,[-118.151518, 34.035724]\n,[-118.150892, 34.035535]\n,[-118.150282, 34.035273]\n,[-118.149838, 34.035052]\n,[-118.149220, 34.034739]\n,[-118.148533, 34.034370]\n,[-118.147949, 34.034056]\n,[-118.147580, 34.033879]\n,[-118.146961, 34.033632]\n,[-118.146822, 34.033586]\n,[-118.146333, 34.033410]\n,[-118.145829, 34.033267]\n,[-118.145274, 34.033147]\n,[-118.144379, 34.033008]\n,[-118.144101, 34.032972]\n,[-118.143883, 34.032952]\n,[-118.143237, 34.032926]\n,[-118.142594, 34.032926]\n,[-118.140233, 34.032940]\n,[-118.138139, 34.032995]\n,[-118.137722, 34.033002]\n,[-118.130355, 34.033078]\n,[-118.129754, 34.033084]\n,[-118.125302, 34.033124]\n,[-118.124820, 34.033128]\n,[-118.118201, 34.033179]\n,[-118.117767, 34.033183]\n,[-118.115191, 34.033211]\n,[-118.114111, 34.033218]\n,[-118.113143, 34.033259]\n,[-118.112258, 34.033328]\n,[-118.111442, 34.033425]\n,[-118.110633, 34.033558]\n,[-118.102640, 34.035347]\n,[-118.102014, 34.035468]\n,[-118.101464, 34.035560]\n,[-118.100958, 34.035617]\n,[-118.099970, 34.035686]\n,[-118.099172, 34.035700]\n,[-118.098173, 34.035684]\n,[-118.096150, 34.035629]\n,[-118.095421, 34.035614]\n,[-118.094691, 34.035643]\n,[-118.094245, 34.035678]\n,[-118.093017, 34.035879]\n,[-118.092585, 34.035989]\n,[-118.088788, 34.036954]\n,[-118.086471, 34.037532]\n,[-118.084689, 34.037991]\n,[-118.083605, 34.038306]\n,[-118.080466, 34.039425]\n,[-118.079578, 34.039749]\n,[-118.079011, 34.039955]\n,[-118.078625, 34.040084]\n,[-118.078213, 34.040204]\n,[-118.077836, 34.040290]\n,[-118.077389, 34.040375]\n,[-118.076711, 34.040482]\n,[-118.075166, 34.040717]\n,[-118.073690, 34.040923]\n,[-118.072763, 34.041051]\n,[-118.072334, 34.041101]\n,[-118.071930, 34.041143]\n,[-118.071544, 34.041179]\n,[-118.070943, 34.041200]\n,[-118.070257, 34.041200]\n,[-118.069781, 34.041203]\n,[-118.062752, 34.041190]\n,[-118.061584, 34.041189]\n,[-118.061112, 34.041168]\n,[-118.060603, 34.041135]\n,[-118.059951, 34.041071]\n,[-118.059187, 34.040943]\n,[-118.057968, 34.040722]\n,[-118.053885, 34.040002]\n,[-118.053799, 34.039986]\n,[-118.051854, 34.039641]\n,[-118.048655, 34.039074]\n,[-118.048046, 34.038985]\n,[-118.042870, 34.038084]\n,[-118.038984, 34.037402]\n,[-118.038915, 34.037389]\n,[-118.038644, 34.037343]\n,[-118.038146, 34.037254]\n,[-118.036783, 34.037035]\n,[-118.036316, 34.036941]\n,[-118.035025, 34.036722]\n,[-118.033859, 34.036448]\n,[-118.033363, 34.036315]\n,[-118.032756, 34.036142]\n,[-118.032068, 34.035931]\n,[-118.031344, 34.035674]\n,[-118.031263, 34.035638]\n,[-118.030609, 34.035254]\n,[-118.030475, 34.035180]\n,[-118.030417, 34.035139]\n,[-118.030273, 34.035030]\n,[-118.030141, 34.034912]\n,[-118.029975, 34.034715]\n,[-118.029839, 34.034507]\n,[-118.029679, 34.034274]\n,[-118.029412, 34.033810]\n,[-118.029337, 34.033674]\n,[-118.029226, 34.033524]\n,[-118.029157, 34.033448]\n,[-118.029088, 34.033386]\n,[-118.028968, 34.033291]\n,[-118.028860, 34.033221]\n,[-118.028683, 34.033130]\n,[-118.028538, 34.033079]\n,[-118.028376, 34.033044]\n,[-118.028159, 34.033022]\n,[-118.027945, 34.033032]\n,[-118.027806, 34.033055]\n,[-118.027611, 34.033114]\n,[-118.027471, 34.033164]\n,[-118.027370, 34.033213]\n,[-118.027239, 34.033295]\n,[-118.027131, 34.033380]\n,[-118.026993, 34.033516]\n,[-118.026914, 34.033622]\n,[-118.026510, 34.034126]\n,[-118.026364, 34.034303]\n,[-118.026197, 34.034468]\n,[-118.025885, 34.034755]\n,[-118.025586, 34.035026]\n,[-118.024811, 34.035692]\n,[-118.023429, 34.036778]\n,[-118.022667, 34.037373]\n,[-118.021225, 34.038366]\n,[-118.020310, 34.038802]\n,[-118.013343, 34.041529]\n,[-118.012117, 34.042175]\n,[-118.011419, 34.042695]\n,[-118.010608, 34.043400]\n,[-118.009746, 34.044403]\n,[-118.009567, 34.044656]\n,[-118.009225, 34.045228]\n,[-118.006078, 34.050827]\n,[-118.005799, 34.051323]\n,[-118.005072, 34.052226]\n,[-118.004982, 34.052349]\n,[-118.004880, 34.052469]\n,[-118.004763, 34.052573]\n,[-118.004632, 34.052664]\n,[-118.004423, 34.052754]\n,[-118.004199, 34.052811]\n,[-118.003970, 34.052826]\n,[-118.003739, 34.052812]\n,[-118.003310, 34.052749]\n,[-118.002988, 34.052716]\n,[-118.002876, 34.052717]\n,[-118.002762, 34.052738]\n,[-118.002651, 34.052778]\n,[-118.002565, 34.052829]\n,[-118.002351, 34.053044]\n,[-118.002253, 34.053159]\n,[-118.002368, 34.053295]\n,[-118.002500, 34.053499]\n,[-118.002621, 34.053605]\n,[-118.003017, 34.053905]\n,[-118.003239, 34.054052]\n,[-118.003432, 34.054223]\n,[-118.003804, 34.054608]\n,[-118.004210, 34.055027]\n,[-118.004506, 34.055331]\n,[-118.004693, 34.055455]\n,[-118.004911, 34.055537]\n,[-118.005101, 34.055569]\n,[-118.005265, 34.055566]\n,[-118.005424, 34.055544]\n,[-118.005580, 34.055500]\n,[-118.005724, 34.055432]\n,[-118.005844, 34.055357]\n,[-118.005950, 34.055268]\n,[-118.006021, 34.055191]\n,[-118.006076, 34.055103]\n,[-118.006123, 34.054997]\n,[-118.006148, 34.054888]\n,[-118.006163, 34.054777]\n,[-118.006153, 34.054663]\n,[-118.006128, 34.054560]\n,[-118.006087, 34.054459]\n,[-118.005655, 34.053747]\n,[-118.005550, 34.053541]\n,[-118.005493, 34.053332]\n,[-118.005480, 34.053188]\n,[-118.005484, 34.053049]\n,[-118.005545, 34.052803]\n,[-118.005615, 34.052572]\n,[-118.006058, 34.051403]\n,[-118.006276, 34.051004]\n,[-118.009468, 34.045280]\n,[-118.009793, 34.044762]\n,[-118.009977, 34.044507]\n,[-118.010738, 34.043540]\n,[-118.011691, 34.042736]\n,[-118.012755, 34.042025]\n,[-118.020755, 34.038774]\n,[-118.021879, 34.038159]\n,[-118.022789, 34.037497]\n,[-118.023627, 34.036876]\n,[-118.023771, 34.036789]\n,[-118.025098, 34.035887]\n,[-118.025516, 34.035595]\n,[-118.025793, 34.035462]\n,[-118.026074, 34.035360]\n,[-118.026734, 34.035054]\n,[-118.027069, 34.034869]\n,[-118.027284, 34.034684]\n,[-118.027498, 34.034464]\n,[-118.027867, 34.034009]\n,[-118.028134, 34.033681]\n,[-118.028279, 34.033546]\n,[-118.028417, 34.033482]\n,[-118.028597, 34.033447]\n,[-118.028786, 34.033461]\n,[-118.028914, 34.033511]\n,[-118.029035, 34.033589]\n,[-118.029129, 34.033710]\n,[-118.029163, 34.033838]\n,[-118.029163, 34.033966]\n,[-118.029095, 34.034108]\n,[-118.029009, 34.034215]\n,[-118.028889, 34.034293]\n,[-118.028734, 34.034336]\n,[-118.028528, 34.034336]\n,[-118.028305, 34.034286]\n,[-118.027936, 34.034158]\n,[-118.027003, 34.033765]\n  ],  \"properties\": {\n    \"distance\": \"21.273324\",\n    \"description\": \"To enable simple instructions add: \'instructions=1\' as parameter to the URL\",\n    \"traveltime\": \"895\"\n    }\n}\n'),(29,'60','605 to 57',4,'19.20',10,'192.00','34.033752','-118.027011','34.002113','-117.833578','{\n  \"type\": \"LineString\",\n  \"crs\": {\n    \"type\": \"name\",\n    \"properties\": {\n      \"name\": \"urn:ogc:def:crs:OGC:1.3:CRS84\"\n    }\n  },\n  \"coordinates\":\n  [\n[-118.027003, 34.033765]\n,[-118.026400, 34.033511]\n,[-118.026288, 34.033460]\n,[-118.024803, 34.032792]\n,[-118.023228, 34.032057]\n,[-118.022498, 34.031739]\n,[-118.020378, 34.030701]\n,[-118.019726, 34.030391]\n,[-118.018969, 34.030034]\n,[-118.018666, 34.029895]\n,[-118.017422, 34.029449]\n,[-118.016795, 34.029286]\n,[-118.016160, 34.029150]\n,[-118.015516, 34.029058]\n,[-118.014838, 34.029001]\n,[-118.013946, 34.028980]\n,[-118.011731, 34.028994]\n,[-118.007735, 34.028999]\n,[-118.005975, 34.028984]\n,[-118.004525, 34.028916]\n,[-118.002395, 34.028545]\n,[-118.000773, 34.028195]\n,[-117.998725, 34.027490]\n,[-117.997049, 34.026772]\n,[-117.995128, 34.025784]\n,[-117.994497, 34.025376]\n,[-117.993961, 34.025004]\n,[-117.993326, 34.024539]\n,[-117.992361, 34.023720]\n,[-117.990649, 34.021876]\n,[-117.988388, 34.019618]\n,[-117.987959, 34.019168]\n,[-117.984441, 34.015448]\n,[-117.982834, 34.013769]\n,[-117.981659, 34.012816]\n,[-117.980982, 34.012357]\n,[-117.980346, 34.011976]\n,[-117.979833, 34.011703]\n,[-117.979227, 34.011422]\n,[-117.978358, 34.011075]\n,[-117.977877, 34.010903]\n,[-117.974298, 34.009832]\n,[-117.970058, 34.008558]\n,[-117.969248, 34.008294]\n,[-117.964625, 34.006879]\n,[-117.964127, 34.006723]\n,[-117.961797, 34.006011]\n,[-117.960797, 34.005711]\n,[-117.959231, 34.005232]\n,[-117.958598, 34.005039]\n,[-117.958118, 34.004897]\n,[-117.953997, 34.003686]\n,[-117.948635, 34.001984]\n,[-117.944229, 34.000597]\n,[-117.938743, 33.998943]\n,[-117.935560, 33.997949]\n,[-117.933949, 33.997450]\n,[-117.932942, 33.997190]\n,[-117.932068, 33.997012]\n,[-117.929056, 33.996545]\n,[-117.926563, 33.996236]\n,[-117.911835, 33.994396]\n,[-117.911522, 33.994357]\n,[-117.909999, 33.994164]\n,[-117.905413, 33.994066]\n,[-117.904901, 33.994068]\n,[-117.902920, 33.994066]\n,[-117.899706, 33.994053]\n,[-117.893471, 33.994041]\n,[-117.888705, 33.994046]\n,[-117.886982, 33.994046]\n,[-117.885024, 33.994078]\n,[-117.884287, 33.994120]\n,[-117.883362, 33.994204]\n,[-117.882915, 33.994267]\n,[-117.874846, 33.995476]\n,[-117.872271, 33.995866]\n,[-117.870523, 33.996142]\n,[-117.869895, 33.996240]\n,[-117.868587, 33.996455]\n,[-117.866633, 33.996760]\n,[-117.864751, 33.997053]\n,[-117.863090, 33.997292]\n,[-117.862583, 33.997365]\n,[-117.860652, 33.997698]\n,[-117.856897, 33.998303]\n,[-117.855186, 33.998601]\n,[-117.854665, 33.998686]\n,[-117.854392, 33.998721]\n,[-117.853400, 33.998890]\n,[-117.850969, 33.999301]\n,[-117.849584, 33.999526]\n,[-117.847019, 34.000030]\n,[-117.845037, 34.000495]\n,[-117.844547, 34.000605]\n,[-117.843789, 34.000735]\n,[-117.843076, 34.000858]\n,[-117.841703, 34.001038]\n,[-117.840887, 34.001133]\n,[-117.835868, 34.001688]\n,[-117.835272, 34.001757]\n,[-117.834750, 34.001838]\n,[-117.833970, 34.001996]\n,[-117.833581, 34.002119]\n  ],  \"properties\": {\n    \"distance\": \"19.180897\",\n    \"description\": \"To enable simple instructions add: \'instructions=1\' as parameter to the URL\",\n    \"traveltime\": \"669\"\n    }\n}\n'),(30,'60','57 to 71',5,'9.20',11,'101.20','34.002113','-117.833578','34.023131','-117.748257','{\n  \"type\": \"LineString\",\n  \"crs\": {\n    \"type\": \"name\",\n    \"properties\": {\n      \"name\": \"urn:ogc:def:crs:OGC:1.3:CRS84\"\n    }\n  },\n  \"coordinates\":\n  [\n[-117.833581, 34.002119]\n,[-117.833210, 34.002236]\n,[-117.832311, 34.002603]\n,[-117.831651, 34.002953]\n,[-117.831071, 34.003330]\n,[-117.830716, 34.003539]\n,[-117.828420, 34.005252]\n,[-117.827595, 34.005864]\n,[-117.826917, 34.006483]\n,[-117.823341, 34.009952]\n,[-117.821183, 34.012045]\n,[-117.819211, 34.014307]\n,[-117.817465, 34.016566]\n,[-117.814245, 34.020873]\n,[-117.813985, 34.021164]\n,[-117.813684, 34.021499]\n,[-117.812725, 34.022404]\n,[-117.812267, 34.022765]\n,[-117.811807, 34.023087]\n,[-117.811308, 34.023403]\n,[-117.810425, 34.023910]\n,[-117.808391, 34.024772]\n,[-117.806156, 34.025437]\n,[-117.800845, 34.027073]\n,[-117.799892, 34.027330]\n,[-117.798954, 34.027514]\n,[-117.798025, 34.027631]\n,[-117.797026, 34.027679]\n,[-117.796413, 34.027675]\n,[-117.795757, 34.027647]\n,[-117.795230, 34.027601]\n,[-117.794483, 34.027471]\n,[-117.793713, 34.027290]\n,[-117.793080, 34.027125]\n,[-117.791764, 34.026692]\n,[-117.788925, 34.025699]\n,[-117.787855, 34.025410]\n,[-117.787127, 34.025278]\n,[-117.786301, 34.025182]\n,[-117.785524, 34.025133]\n,[-117.784953, 34.025176]\n,[-117.784339, 34.025239]\n,[-117.783466, 34.025373]\n,[-117.780613, 34.025855]\n,[-117.779855, 34.025964]\n,[-117.778933, 34.025954]\n,[-117.778072, 34.025901]\n,[-117.777458, 34.025799]\n,[-117.776761, 34.025647]\n,[-117.776138, 34.025477]\n,[-117.775713, 34.025329]\n,[-117.774886, 34.025042]\n,[-117.773665, 34.024599]\n,[-117.772590, 34.024240]\n,[-117.771523, 34.023934]\n,[-117.770562, 34.023718]\n,[-117.769799, 34.023604]\n,[-117.769370, 34.023561]\n,[-117.768813, 34.023504]\n,[-117.768173, 34.023482]\n,[-117.767411, 34.023490]\n,[-117.766477, 34.023537]\n,[-117.765510, 34.023655]\n,[-117.764485, 34.023843]\n,[-117.763292, 34.024103]\n,[-117.761278, 34.024542]\n,[-117.760385, 34.024679]\n,[-117.759775, 34.024750]\n,[-117.759005, 34.024780]\n,[-117.757781, 34.024763]\n,[-117.757015, 34.024679]\n,[-117.756386, 34.024573]\n,[-117.755217, 34.024263]\n,[-117.752876, 34.023639]\n,[-117.751841, 34.023379]\n,[-117.751160, 34.023240]\n,[-117.750262, 34.023142]\n,[-117.749089, 34.023099]\n,[-117.748445, 34.023133]\n,[-117.748261, 34.023154]\n  ],  \"properties\": {\n    \"distance\": \"9.222858\",\n    \"description\": \"To enable simple instructions add: \'instructions=1\' as parameter to the URL\",\n    \"traveltime\": \"323\"\n    }\n}\n'),(31,'60','71 to 15',6,'18.40',10,'184.00','34.023131','-117.748257','34.022064','-117.551769','{\n  \"type\": \"LineString\",\n  \"crs\": {\n    \"type\": \"name\",\n    \"properties\": {\n      \"name\": \"urn:ogc:def:crs:OGC:1.3:CRS84\"\n    }\n  },\n  \"coordinates\":\n  [\n[-117.748261, 34.023154]\n,[-117.748049, 34.023177]\n,[-117.747242, 34.023286]\n,[-117.744838, 34.023673]\n,[-117.742453, 34.024021]\n,[-117.740564, 34.024258]\n,[-117.739851, 34.024412]\n,[-117.739026, 34.024533]\n,[-117.738240, 34.024611]\n,[-117.736868, 34.024674]\n,[-117.735308, 34.024759]\n,[-117.733301, 34.024832]\n,[-117.731810, 34.024893]\n,[-117.731101, 34.024919]\n,[-117.729957, 34.024959]\n,[-117.728583, 34.025011]\n,[-117.727738, 34.025038]\n,[-117.726422, 34.025142]\n,[-117.725223, 34.025301]\n,[-117.724513, 34.025464]\n,[-117.723966, 34.025599]\n,[-117.722627, 34.026042]\n,[-117.722083, 34.026243]\n,[-117.720970, 34.026692]\n,[-117.718095, 34.027963]\n,[-117.717095, 34.028396]\n,[-117.716400, 34.028681]\n,[-117.715680, 34.028951]\n,[-117.715453, 34.029026]\n,[-117.713734, 34.029492]\n,[-117.712228, 34.029764]\n,[-117.710670, 34.029952]\n,[-117.709830, 34.029994]\n,[-117.701864, 34.030047]\n,[-117.695020, 34.030092]\n,[-117.683648, 34.030152]\n,[-117.680875, 34.030163]\n,[-117.680572, 34.030166]\n,[-117.676364, 34.030208]\n,[-117.673668, 34.030232]\n,[-117.667913, 34.030263]\n,[-117.667399, 34.030266]\n,[-117.661268, 34.030280]\n,[-117.659185, 34.030285]\n,[-117.658704, 34.030286]\n,[-117.656972, 34.030313]\n,[-117.653264, 34.030286]\n,[-117.651278, 34.030279]\n,[-117.650461, 34.030282]\n,[-117.644595, 34.030306]\n,[-117.641701, 34.030370]\n,[-117.641223, 34.030370]\n,[-117.634710, 34.030353]\n,[-117.628641, 34.030389]\n,[-117.628250, 34.030391]\n,[-117.622158, 34.030383]\n,[-117.617290, 34.030396]\n,[-117.611214, 34.030410]\n,[-117.610837, 34.030411]\n,[-117.604893, 34.030437]\n,[-117.599556, 34.030434]\n,[-117.598789, 34.030436]\n,[-117.598460, 34.030436]\n,[-117.593481, 34.030432]\n,[-117.592987, 34.030435]\n,[-117.587785, 34.030464]\n,[-117.584831, 34.030481]\n,[-117.584574, 34.030476]\n,[-117.582602, 34.030370]\n,[-117.581102, 34.030128]\n,[-117.578886, 34.029722]\n,[-117.570925, 34.027438]\n,[-117.569813, 34.027107]\n,[-117.565243, 34.025848]\n,[-117.564663, 34.025681]\n,[-117.559998, 34.024361]\n,[-117.558624, 34.023972]\n,[-117.558124, 34.023819]\n,[-117.552014, 34.022128]\n,[-117.551772, 34.022058]\n  ],  \"properties\": {\n    \"distance\": \"18.420723\",\n    \"description\": \"To enable simple instructions add: \'instructions=1\' as parameter to the URL\",\n    \"traveltime\": \"631\"\n    }\n}\n'),(32,'60','15 to 215/91',7,'18.50',8,'148.00','34.022064','-117.551769','33.993391','-117.357660','{\n  \"type\": \"LineString\",\n  \"crs\": {\n    \"type\": \"name\",\n    \"properties\": {\n      \"name\": \"urn:ogc:def:crs:OGC:1.3:CRS84\"\n    }\n  },\n  \"coordinates\":\n  [\n[-117.551772, 34.022058]\n,[-117.545549, 34.020261]\n,[-117.543677, 34.019746]\n,[-117.542108, 34.019307]\n,[-117.541676, 34.019182]\n,[-117.540288, 34.018796]\n,[-117.539307, 34.018553]\n,[-117.537187, 34.018148]\n,[-117.535919, 34.017978]\n,[-117.535235, 34.017910]\n,[-117.534827, 34.017875]\n,[-117.533956, 34.017826]\n,[-117.532979, 34.017787]\n,[-117.532004, 34.017782]\n,[-117.530179, 34.017833]\n,[-117.528206, 34.017918]\n,[-117.525944, 34.017962]\n,[-117.524769, 34.018021]\n,[-117.524177, 34.018046]\n,[-117.517913, 34.018253]\n,[-117.515852, 34.018338]\n,[-117.513672, 34.018430]\n,[-117.513158, 34.018455]\n,[-117.511510, 34.018544]\n,[-117.503425, 34.018836]\n,[-117.501526, 34.018907]\n,[-117.494227, 34.019170]\n,[-117.493605, 34.019190]\n,[-117.489753, 34.019305]\n,[-117.486444, 34.019412]\n,[-117.485434, 34.019407]\n,[-117.484916, 34.019405]\n,[-117.483413, 34.019320]\n,[-117.482062, 34.019214]\n,[-117.480601, 34.019058]\n,[-117.479260, 34.018859]\n,[-117.476098, 34.018366]\n,[-117.475000, 34.018171]\n,[-117.467595, 34.016975]\n,[-117.466566, 34.016789]\n,[-117.462790, 34.016148]\n,[-117.462113, 34.016047]\n,[-117.458068, 34.015409]\n,[-117.456184, 34.015077]\n,[-117.453786, 34.014698]\n,[-117.450342, 34.014163]\n,[-117.449628, 34.014050]\n,[-117.447184, 34.013711]\n,[-117.444917, 34.013430]\n,[-117.441145, 34.013029]\n,[-117.440283, 34.012911]\n,[-117.438098, 34.012535]\n,[-117.435968, 34.012223]\n,[-117.434700, 34.011949]\n,[-117.434077, 34.011788]\n,[-117.433752, 34.011701]\n,[-117.430386, 34.010671]\n,[-117.427633, 34.009798]\n,[-117.426923, 34.009581]\n,[-117.423689, 34.008564]\n,[-117.421761, 34.007963]\n,[-117.421661, 34.007932]\n,[-117.420062, 34.007426]\n,[-117.419671, 34.007312]\n,[-117.413237, 34.005308]\n,[-117.413057, 34.005250]\n,[-117.411599, 34.004785]\n,[-117.410893, 34.004616]\n,[-117.410126, 34.004454]\n,[-117.408723, 34.004224]\n,[-117.407677, 34.004114]\n,[-117.406628, 34.004074]\n,[-117.405716, 34.004078]\n,[-117.404243, 34.004180]\n,[-117.403529, 34.004238]\n,[-117.400683, 34.004475]\n,[-117.400303, 34.004506]\n,[-117.396099, 34.004855]\n,[-117.394091, 34.005004]\n,[-117.393625, 34.005060]\n,[-117.392680, 34.005113]\n,[-117.391452, 34.005134]\n,[-117.390202, 34.005099]\n,[-117.389106, 34.005040]\n,[-117.388002, 34.004926]\n,[-117.387288, 34.004830]\n,[-117.387199, 34.004816]\n,[-117.386969, 34.004779]\n,[-117.385961, 34.004602]\n,[-117.385060, 34.004416]\n,[-117.384176, 34.004199]\n,[-117.383158, 34.003911]\n,[-117.382547, 34.003719]\n,[-117.381848, 34.003478]\n,[-117.380765, 34.003054]\n,[-117.379802, 34.002655]\n,[-117.377785, 34.001784]\n,[-117.375150, 34.000676]\n,[-117.374246, 34.000284]\n,[-117.371358, 33.999033]\n,[-117.371036, 33.998902]\n,[-117.370673, 33.998755]\n,[-117.369637, 33.998293]\n,[-117.369246, 33.998132]\n,[-117.368294, 33.997808]\n,[-117.366579, 33.997071]\n,[-117.362695, 33.995550]\n,[-117.361636, 33.995088]\n,[-117.361144, 33.994873]\n,[-117.358426, 33.993730]\n,[-117.357696, 33.993413]\n,[-117.357658, 33.993394]\n  ],  \"properties\": {\n    \"distance\": \"18.529904\",\n    \"description\": \"To enable simple instructions add: \'instructions=1\' as parameter to the URL\",\n    \"traveltime\": \"633\"\n    }\n}\n'),(33,'60/215','91 to 60/215 split',8,'11.60',11,'127.60','33.993391','-117.357660','33.945517','-117.294948','{\n  \"type\": \"LineString\",\n  \"crs\": {\n    \"type\": \"name\",\n    \"properties\": {\n      \"name\": \"urn:ogc:def:crs:OGC:1.3:CRS84\"\n    }\n  },\n  \"coordinates\":\n  [\n[-117.357658, 33.993394]\n,[-117.357016, 33.993080]\n,[-117.354843, 33.992069]\n,[-117.354441, 33.991882]\n,[-117.351852, 33.990616]\n,[-117.351353, 33.990383]\n,[-117.350985, 33.990167]\n,[-117.349433, 33.989157]\n,[-117.348941, 33.988769]\n,[-117.348229, 33.988088]\n,[-117.347633, 33.987469]\n,[-117.347321, 33.987175]\n,[-117.346683, 33.986550]\n,[-117.344233, 33.984160]\n,[-117.343547, 33.983483]\n,[-117.343352, 33.983294]\n,[-117.340460, 33.980497]\n,[-117.338531, 33.978633]\n,[-117.337015, 33.977120]\n,[-117.335556, 33.975773]\n,[-117.335323, 33.975542]\n,[-117.334629, 33.974821]\n,[-117.332411, 33.972670]\n,[-117.331730, 33.971966]\n,[-117.330563, 33.970782]\n,[-117.330345, 33.970546]\n,[-117.329242, 33.969398]\n,[-117.328791, 33.968861]\n,[-117.328459, 33.968425]\n,[-117.328032, 33.967847]\n,[-117.327439, 33.966760]\n,[-117.326946, 33.965663]\n,[-117.326339, 33.964809]\n,[-117.325720, 33.964200]\n,[-117.325231, 33.963844]\n,[-117.324657, 33.963473]\n,[-117.323926, 33.963074]\n,[-117.322415, 33.962373]\n,[-117.321113, 33.961829]\n,[-117.320258, 33.961500]\n,[-117.318980, 33.961048]\n,[-117.318158, 33.960809]\n,[-117.317347, 33.960663]\n,[-117.316544, 33.960597]\n,[-117.314932, 33.960647]\n,[-117.313899, 33.960633]\n,[-117.313332, 33.960587]\n,[-117.312609, 33.960443]\n,[-117.311885, 33.960184]\n,[-117.311064, 33.959823]\n,[-117.310689, 33.959618]\n,[-117.310326, 33.959376]\n,[-117.309735, 33.958932]\n,[-117.309352, 33.958644]\n,[-117.308324, 33.957873]\n,[-117.307466, 33.957211]\n,[-117.306690, 33.956413]\n,[-117.306498, 33.956142]\n,[-117.304459, 33.953542]\n,[-117.304030, 33.952886]\n,[-117.303875, 33.952619]\n,[-117.303686, 33.952142]\n,[-117.303327, 33.950888]\n,[-117.303197, 33.950454]\n,[-117.303138, 33.950318]\n,[-117.302952, 33.949888]\n,[-117.302658, 33.949365]\n,[-117.302310, 33.948856]\n,[-117.301947, 33.948410]\n,[-117.301713, 33.948160]\n,[-117.301170, 33.947691]\n,[-117.300562, 33.947239]\n,[-117.300086, 33.946934]\n,[-117.298417, 33.945983]\n,[-117.298014, 33.945788]\n,[-117.297286, 33.945381]\n,[-117.296490, 33.944913]\n,[-117.295691, 33.944397]\n,[-117.295308, 33.944119]\n,[-117.293904, 33.942969]\n,[-117.293128, 33.942333]\n,[-117.292807, 33.942065]\n,[-117.292507, 33.941788]\n,[-117.292306, 33.941547]\n,[-117.292131, 33.941284]\n,[-117.291968, 33.940960]\n,[-117.291648, 33.940026]\n,[-117.291489, 33.939505]\n,[-117.291337, 33.938914]\n,[-117.290997, 33.937860]\n,[-117.290608, 33.936334]\n,[-117.290481, 33.935412]\n,[-117.290087, 33.933731]\n,[-117.289953, 33.933239]\n,[-117.289821, 33.932436]\n,[-117.289755, 33.932240]\n,[-117.289716, 33.932101]\n,[-117.289590, 33.931856]\n,[-117.289308, 33.931622]\n,[-117.288988, 33.931389]\n,[-117.288736, 33.931597]\n,[-117.288569, 33.931791]\n,[-117.288505, 33.931928]\n,[-117.288463, 33.932080]\n,[-117.288456, 33.932247]\n,[-117.288487, 33.932392]\n,[-117.288666, 33.932735]\n,[-117.289005, 33.933219]\n,[-117.289225, 33.933582]\n,[-117.289425, 33.933946]\n,[-117.289524, 33.934152]\n,[-117.289599, 33.934336]\n,[-117.290040, 33.935300]\n,[-117.290367, 33.936437]\n,[-117.290701, 33.938008]\n,[-117.291270, 33.940070]\n,[-117.291706, 33.942114]\n,[-117.291972, 33.942961]\n,[-117.292487, 33.943837]\n,[-117.293139, 33.944478]\n,[-117.293601, 33.944793]\n,[-117.293978, 33.945011]\n,[-117.294367, 33.945200]\n,[-117.294737, 33.945360]\n,[-117.294984, 33.945447]\n  ],  \"properties\": {\n    \"distance\": \"11.585691\",\n    \"description\": \"To enable simple instructions add: \'instructions=1\' as parameter to the URL\",\n    \"traveltime\": \"466\"\n    }\n}\n'),(34,'60','215 to 10',9,'31.00',6,'186.00','33.945517','-117.294948','33.932433','-116.989229','{\n  \"type\": \"LineString\",\n  \"crs\": {\n    \"type\": \"name\",\n    \"properties\": {\n      \"name\": \"urn:ogc:def:crs:OGC:1.3:CRS84\"\n    }\n  },\n  \"coordinates\":\n  [\n[-117.294984, 33.945447]\n,[-117.296085, 33.945832]\n,[-117.296878, 33.946087]\n,[-117.297573, 33.946333]\n,[-117.298129, 33.946544]\n,[-117.298689, 33.946834]\n,[-117.298946, 33.946978]\n,[-117.299287, 33.947182]\n,[-117.299586, 33.947394]\n,[-117.299859, 33.947615]\n,[-117.300115, 33.947841]\n,[-117.300394, 33.948118]\n,[-117.300598, 33.948343]\n,[-117.300761, 33.948555]\n,[-117.300873, 33.948633]\n,[-117.300954, 33.948565]\n,[-117.301945, 33.947733]\n,[-117.302249, 33.947477]\n,[-117.302370, 33.947349]\n,[-117.302273, 33.947197]\n,[-117.302159, 33.947035]\n,[-117.302052, 33.946909]\n,[-117.301930, 33.946781]\n,[-117.301223, 33.946161]\n,[-117.301052, 33.946239]\n,[-117.300701, 33.946524]\n,[-117.300315, 33.946667]\n,[-117.299966, 33.946671]\n,[-117.298417, 33.945983]\n,[-117.298014, 33.945788]\n,[-117.297286, 33.945381]\n,[-117.296490, 33.944913]\n,[-117.295691, 33.944397]\n,[-117.295308, 33.944119]\n,[-117.294264, 33.943413]\n,[-117.293583, 33.942977]\n,[-117.293384, 33.942862]\n,[-117.293035, 33.942715]\n,[-117.292590, 33.942581]\n,[-117.292070, 33.942515]\n,[-117.291673, 33.942501]\n,[-117.291236, 33.942545]\n,[-117.290661, 33.942663]\n,[-117.290277, 33.942793]\n,[-117.289211, 33.943251]\n,[-117.288796, 33.943411]\n,[-117.288465, 33.943498]\n,[-117.288125, 33.943570]\n,[-117.287762, 33.943637]\n,[-117.287393, 33.943675]\n,[-117.287017, 33.943680]\n,[-117.286763, 33.943674]\n,[-117.286510, 33.943655]\n,[-117.285250, 33.943477]\n,[-117.284294, 33.943356]\n,[-117.280854, 33.942813]\n,[-117.279690, 33.942604]\n,[-117.279197, 33.942509]\n,[-117.278719, 33.942428]\n,[-117.277052, 33.942157]\n,[-117.275050, 33.941831]\n,[-117.273514, 33.941567]\n,[-117.271697, 33.941251]\n,[-117.268787, 33.940778]\n,[-117.268130, 33.940711]\n,[-117.267204, 33.940646]\n,[-117.266617, 33.940636]\n,[-117.266013, 33.940625]\n,[-117.264360, 33.940654]\n,[-117.261958, 33.940696]\n,[-117.261695, 33.940700]\n,[-117.261201, 33.940702]\n,[-117.256253, 33.940803]\n,[-117.255594, 33.940808]\n,[-117.255232, 33.940810]\n,[-117.254351, 33.940820]\n,[-117.252776, 33.940839]\n,[-117.250153, 33.940883]\n,[-117.249663, 33.940892]\n,[-117.249008, 33.940903]\n,[-117.247781, 33.940924]\n,[-117.244030, 33.940974]\n,[-117.243524, 33.940981]\n,[-117.239388, 33.941003]\n,[-117.237635, 33.941000]\n,[-117.234173, 33.940995]\n,[-117.233330, 33.940967]\n,[-117.232788, 33.940909]\n,[-117.232405, 33.940869]\n,[-117.231427, 33.940699]\n,[-117.230443, 33.940472]\n,[-117.228347, 33.939980]\n,[-117.227468, 33.939802]\n,[-117.226754, 33.939693]\n,[-117.226013, 33.939573]\n,[-117.225124, 33.939437]\n,[-117.224169, 33.939323]\n,[-117.223402, 33.939251]\n,[-117.222696, 33.939194]\n,[-117.222084, 33.939158]\n,[-117.221204, 33.939123]\n,[-117.217871, 33.939115]\n,[-117.215880, 33.939115]\n,[-117.208970, 33.939101]\n,[-117.208112, 33.939101]\n,[-117.203666, 33.939123]\n,[-117.199469, 33.939123]\n,[-117.195818, 33.939127]\n,[-117.194663, 33.939128]\n,[-117.193375, 33.939130]\n,[-117.191847, 33.939130]\n,[-117.189213, 33.939133]\n,[-117.186903, 33.939136]\n,[-117.186688, 33.939137]\n,[-117.182606, 33.939148]\n,[-117.181569, 33.939150]\n,[-117.180079, 33.939151]\n,[-117.178844, 33.939151]\n,[-117.177084, 33.939157]\n,[-117.176123, 33.939151]\n,[-117.174595, 33.939144]\n,[-117.174152, 33.939145]\n,[-117.169548, 33.939155]\n,[-117.165171, 33.939165]\n,[-117.159996, 33.939165]\n,[-117.159377, 33.939165]\n,[-117.158947, 33.939167]\n,[-117.157119, 33.939172]\n,[-117.154340, 33.939186]\n,[-117.154107, 33.939187]\n,[-117.153790, 33.939187]\n,[-117.142520, 33.939187]\n,[-117.140476, 33.939193]\n,[-117.140083, 33.939194]\n,[-117.138722, 33.939180]\n,[-117.138222, 33.939159]\n,[-117.137740, 33.939110]\n,[-117.137389, 33.939074]\n,[-117.136533, 33.938933]\n,[-117.135888, 33.938764]\n,[-117.134745, 33.938451]\n,[-117.134548, 33.938404]\n,[-117.134008, 33.938278]\n,[-117.133314, 33.938163]\n,[-117.132782, 33.938098]\n,[-117.132380, 33.938076]\n,[-117.130919, 33.938078]\n,[-117.125899, 33.938005]\n,[-117.125219, 33.937969]\n,[-117.124652, 33.937891]\n,[-117.123957, 33.937742]\n,[-117.123266, 33.937516]\n,[-117.122692, 33.937279]\n,[-117.122178, 33.937037]\n,[-117.121636, 33.936829]\n,[-117.120895, 33.936593]\n,[-117.120119, 33.936379]\n,[-117.119299, 33.936221]\n,[-117.118463, 33.936106]\n,[-117.117712, 33.936049]\n,[-117.115160, 33.936028]\n,[-117.114649, 33.936028]\n,[-117.114109, 33.935951]\n,[-117.113583, 33.935810]\n,[-117.111597, 33.935125]\n,[-117.111090, 33.935038]\n,[-117.110575, 33.935009]\n,[-117.110028, 33.935060]\n,[-117.108960, 33.935195]\n,[-117.108181, 33.935346]\n,[-117.107634, 33.935534]\n,[-117.107026, 33.935797]\n,[-117.105792, 33.936519]\n,[-117.105232, 33.936758]\n,[-117.104648, 33.936926]\n,[-117.104142, 33.936996]\n,[-117.103489, 33.937010]\n,[-117.101318, 33.936840]\n,[-117.100822, 33.936840]\n,[-117.100428, 33.936890]\n,[-117.100011, 33.936977]\n,[-117.099550, 33.937114]\n,[-117.099184, 33.937266]\n,[-117.095853, 33.938961]\n,[-117.095435, 33.939159]\n,[-117.094889, 33.939379]\n,[-117.094360, 33.939548]\n,[-117.093038, 33.939933]\n,[-117.092554, 33.940091]\n,[-117.091982, 33.940328]\n,[-117.091403, 33.940644]\n,[-117.090365, 33.941306]\n,[-117.089873, 33.941559]\n,[-117.089380, 33.941742]\n,[-117.086961, 33.942539]\n,[-117.086223, 33.942774]\n,[-117.085711, 33.942937]\n,[-117.084997, 33.943085]\n,[-117.084418, 33.943142]\n,[-117.083897, 33.943170]\n,[-117.081843, 33.943217]\n,[-117.081231, 33.943246]\n,[-117.080722, 33.943293]\n,[-117.080001, 33.943422]\n,[-117.079397, 33.943528]\n,[-117.078752, 33.943597]\n,[-117.078108, 33.943583]\n,[-117.077520, 33.943520]\n,[-117.075932, 33.943228]\n,[-117.075343, 33.943170]\n,[-117.074493, 33.943163]\n,[-117.073890, 33.943235]\n,[-117.073111, 33.943438]\n,[-117.072347, 33.943716]\n,[-117.071669, 33.944058]\n,[-117.069721, 33.945339]\n,[-117.069137, 33.945674]\n,[-117.068553, 33.945902]\n,[-117.068107, 33.946051]\n,[-117.067803, 33.946112]\n,[-117.064851, 33.946653]\n,[-117.062912, 33.946995]\n,[-117.062187, 33.947108]\n,[-117.061499, 33.947136]\n,[-117.060819, 33.947101]\n,[-117.060080, 33.946967]\n,[-117.059271, 33.946741]\n,[-117.058357, 33.946348]\n,[-117.057393, 33.945859]\n,[-117.052742, 33.943254]\n,[-117.051836, 33.942782]\n,[-117.050910, 33.942373]\n,[-117.050231, 33.942123]\n,[-117.048823, 33.941624]\n,[-117.045399, 33.940347]\n,[-117.042123, 33.939155]\n,[-117.041231, 33.938753]\n,[-117.040563, 33.938339]\n,[-117.040047, 33.937939]\n,[-117.039603, 33.937476]\n,[-117.039076, 33.936917]\n,[-117.038554, 33.936458]\n,[-117.037615, 33.935773]\n,[-117.036721, 33.935298]\n,[-117.035997, 33.934990]\n,[-117.035142, 33.934621]\n,[-117.034614, 33.934412]\n,[-117.033402, 33.933935]\n,[-117.032627, 33.933619]\n,[-117.031864, 33.933314]\n,[-117.031445, 33.933167]\n,[-117.030662, 33.932946]\n,[-117.030177, 33.932843]\n,[-117.029693, 33.932766]\n,[-117.029213, 33.932711]\n,[-117.028415, 33.932667]\n,[-117.027340, 33.932656]\n,[-117.025463, 33.932629]\n,[-117.024820, 33.932652]\n,[-117.024173, 33.932709]\n,[-117.023710, 33.932776]\n,[-117.023209, 33.932861]\n,[-117.021154, 33.933307]\n,[-117.020366, 33.933474]\n,[-117.019907, 33.933547]\n,[-117.019438, 33.933589]\n,[-117.018963, 33.933603]\n,[-117.004264, 33.933461]\n,[-116.998888, 33.933322]\n,[-116.994324, 33.933104]\n,[-116.993362, 33.933070]\n,[-116.993160, 33.933064]\n,[-116.992593, 33.933046]\n,[-116.991893, 33.932981]\n,[-116.991238, 33.932882]\n,[-116.990585, 33.932753]\n,[-116.989609, 33.932510]\n,[-116.989260, 33.932416]\n,[-116.989239, 33.932410]\n  ],  \"properties\": {\n    \"distance\": \"30.991859\",\n    \"description\": \"To enable simple instructions add: \'instructions=1\' as parameter to the URL\",\n    \"traveltime\": \"1147\"\n    }\n}\n'),(35,'5','1 to 73',8,'9.20',12,'110.42','33.467207','-117.669931','33.541079','-117.673756','{\n  \"type\": \"LineString\",\n  \"crs\": {\n    \"type\": \"name\",\n    \"properties\": {\n      \"name\": \"urn:ogc:def:crs:OGC:1.3:CRS84\"\n    }\n  },\n  \"coordinates\":\n  [\n[-117.669944, 33.467186]\n,[-117.669984, 33.467203]\n,[-117.670958, 33.467624]\n,[-117.671731, 33.467998]\n,[-117.672233, 33.468332]\n,[-117.672529, 33.468538]\n,[-117.672883, 33.468828]\n,[-117.673136, 33.469098]\n,[-117.673461, 33.469463]\n,[-117.673764, 33.469884]\n,[-117.674005, 33.470287]\n,[-117.674155, 33.470630]\n,[-117.674280, 33.470997]\n,[-117.674383, 33.471297]\n,[-117.674536, 33.472108]\n,[-117.674570, 33.472394]\n,[-117.674592, 33.472726]\n,[-117.674598, 33.473110]\n,[-117.674562, 33.473543]\n,[-117.674436, 33.474479]\n,[-117.674376, 33.474846]\n,[-117.674292, 33.475111]\n,[-117.674117, 33.475678]\n,[-117.673929, 33.476133]\n,[-117.673762, 33.476482]\n,[-117.673588, 33.476808]\n,[-117.673432, 33.477065]\n,[-117.673207, 33.477397]\n,[-117.673012, 33.477685]\n,[-117.672804, 33.477948]\n,[-117.672418, 33.478396]\n,[-117.672053, 33.478800]\n,[-117.670478, 33.480697]\n,[-117.668641, 33.482780]\n,[-117.666615, 33.485164]\n,[-117.664787, 33.487548]\n,[-117.662444, 33.490640]\n,[-117.661922, 33.491354]\n,[-117.661704, 33.491656]\n,[-117.661195, 33.492346]\n,[-117.660882, 33.492773]\n,[-117.660273, 33.493668]\n,[-117.660004, 33.494147]\n,[-117.659671, 33.494807]\n,[-117.659339, 33.495501]\n,[-117.659022, 33.496287]\n,[-117.658680, 33.497358]\n,[-117.658486, 33.498187]\n,[-117.658401, 33.498528]\n,[-117.658303, 33.499275]\n,[-117.658244, 33.500096]\n,[-117.658242, 33.500165]\n,[-117.658220, 33.500930]\n,[-117.658240, 33.501498]\n,[-117.658287, 33.502037]\n,[-117.658407, 33.502803]\n,[-117.658561, 33.503593]\n,[-117.658693, 33.504141]\n,[-117.658835, 33.504618]\n,[-117.659212, 33.505688]\n,[-117.660137, 33.507820]\n,[-117.660251, 33.508096]\n,[-117.660445, 33.508569]\n,[-117.661078, 33.510106]\n,[-117.662212, 33.512663]\n,[-117.664066, 33.516986]\n,[-117.664728, 33.518569]\n,[-117.665495, 33.520401]\n,[-117.665670, 33.520810]\n,[-117.666300, 33.522281]\n,[-117.666852, 33.523572]\n,[-117.667142, 33.524341]\n,[-117.667408, 33.524926]\n,[-117.667620, 33.525278]\n,[-117.667856, 33.525644]\n,[-117.668148, 33.526037]\n,[-117.668398, 33.526370]\n,[-117.668646, 33.526668]\n,[-117.668946, 33.526973]\n,[-117.669526, 33.527478]\n,[-117.670078, 33.527889]\n,[-117.672257, 33.529453]\n,[-117.672821, 33.529874]\n,[-117.673337, 33.530342]\n,[-117.673762, 33.530854]\n,[-117.674328, 33.531782]\n,[-117.674545, 33.532423]\n,[-117.674665, 33.533082]\n,[-117.674710, 33.533771]\n,[-117.674718, 33.534315]\n,[-117.674683, 33.535251]\n,[-117.674661, 33.535877]\n,[-117.674593, 33.536648]\n,[-117.674469, 33.537614]\n,[-117.674315, 33.538594]\n,[-117.673902, 33.540439]\n,[-117.673753, 33.541079]\n  ],  \"properties\": {\n    \"distance\": \"9.201952\",\n    \"description\": \"To enable simple instructions add: \'instructions=1\' as parameter to the URL\",\n    \"traveltime\": \"330\"\n    }\n}\n');

/*!40101 SET SQL_MODE=@OLD_SQL_MODE */;
/*!40014 SET FOREIGN_KEY_CHECKS=@OLD_FOREIGN_KEY_CHECKS */;
/*!40014 SET UNIQUE_CHECKS=@OLD_UNIQUE_CHECKS */;
/*!40111 SET SQL_NOTES=@OLD_SQL_NOTES */;
